"","GSPC.Open","GSPC.High","GSPC.Low","GSPC.Close","GSPC.Volume","GSPC.Adjusted"
"1",2790.25,2792.03002929688,2766.06005859375,2783.02001953125,3701110000,2783.02001953125
"2",2786.93994140625,2799,2776.73999023438,2788.86010742188,3276030000,2788.86010742188
"3",2766.14990234375,2768.97998046875,2750.52001953125,2752.06005859375,3982670000,2752.06005859375
"4",2751.53002929688,2763.07006835938,2728.81005859375,2744.44995117188,3952360000,2744.44995117188
"5",2762.63989257812,2804.48999023438,2762.63989257812,2803.27001953125,3814130000,2803.27001953125
"6",2818.09008789062,2827.28002929688,2800.919921875,2826.14990234375,3570760000,2826.14990234375
"7",2828.51000976562,2852.10009765625,2822.44995117188,2843.48999023438,3445140000,2843.48999023438
"8",2852.8701171875,2884.96997070312,2852.8701171875,2873.34008789062,3244380000,2873.34008789062
"9",2885.830078125,2904.77001953125,2885.51000976562,2886.72998046875,3209890000,2886.72998046875
"10",2903.27001953125,2910.61010742188,2878.53002929688,2885.71997070312,3.551e+09,2885.71997070312
"11",2882.72998046875,2888.57006835938,2874.67993164062,2879.84008789062,3039870000,2879.84008789062
"12",2886.23999023438,2895.23999023438,2881.98999023438,2891.63989257812,3100640000,2891.63989257812
"13",2886.82006835938,2894.44995117188,2879.6201171875,2886.97998046875,2992810000,2886.97998046875
"14",2889.75,2897.27001953125,2887.30004882812,2889.669921875,2828400000,2889.669921875
"15",2906.7099609375,2930.7900390625,2905.43994140625,2917.75,3441540000,2917.75
"16",2920.55004882812,2931.73999023438,2911.42993164062,2926.4599609375,3300220000,2926.4599609375
"17",2949.60009765625,2958.06005859375,2931.5,2954.17993164062,3943060000,2954.17993164062
"18",2952.7099609375,2964.14990234375,2946.8701171875,2950.4599609375,5003540000,2950.4599609375
"19",2951.419921875,2954.919921875,2944.05004882812,2945.35009765625,3136960000,2945.35009765625
"20",2945.78002929688,2946.52001953125,2916.01000976562,2917.3798828125,3579430000,2917.3798828125
"21",2926.07006835938,2932.59008789062,2912.98999023438,2913.78002929688,3511350000,2913.78002929688
"22",2919.65991210938,2929.30004882812,2918.57006835938,2924.919921875,3162500000,2924.919921875
"23",2932.93994140625,2943.97998046875,2929.05004882812,2941.76000976562,5422650000,2941.76000976562
"24",2971.40991210938,2977.92993164062,2952.21997070312,2964.330078125,3524860000,2964.330078125
"25",2964.65991210938,2973.2099609375,2955.919921875,2973.01000976562,3224490000,2973.01000976562
"26",2978.080078125,2995.84008789062,2977.9599609375,2995.82006835938,1963570000,2995.82006835938
"27",2984.25,2994.03002929688,2967.96997070312,2990.40991210938,2434680000,2990.40991210938
"28",2979.77001953125,2980.76000976562,2970.09008789062,2975.94995117188,2922360000,2975.94995117188
"29",2965.52001953125,2981.89990234375,2963.43994140625,2979.6298828125,3033330000,2979.6298828125
"30",2989.30004882812,3002.97998046875,2984.6201171875,2993.07006835938,3157800000,2993.07006835938
"31",2999.6201171875,3002.330078125,2988.80004882812,2999.90991210938,3155710000,2999.90991210938
"32",3003.36010742188,3013.919921875,3001.8701171875,3013.77001953125,2984140000,3013.77001953125
"33",3017.80004882812,3017.80004882812,3008.77001953125,3014.30004882812,2876100000,3014.30004882812
"34",3012.1298828125,3015.02001953125,3001.14990234375,3004.0400390625,3297030000,3004.0400390625
"35",3005.10009765625,3005.26000976562,2984.25,2984.419921875,3185650000,2984.419921875
"36",2978.8701171875,2998.28002929688,2973.09008789062,2995.11010742188,3369820000,2995.11010742188
"37",3004.26000976562,3006.02001953125,2975.86010742188,2976.61010742188,3285890000,2976.61010742188
"38",2981.92993164062,2990.7099609375,2976.64990234375,2985.03002929688,3016200000,2985.03002929688
"39",2994.73999023438,3005.89990234375,2988.56005859375,3005.46997070312,3333810000,3005.46997070312
"40",2998.77001953125,3019.59008789062,2996.82006835938,3019.56005859375,3433220000,3019.56005859375
"41",3016.26000976562,3016.31005859375,2997.23999023438,3003.669921875,3657050000,3003.669921875
"42",3013.25,3027.97998046875,3012.59008789062,3025.86010742188,3260170000,3025.86010742188
"43",3024.46997070312,3025.61010742188,3014.30004882812,3020.96997070312,3224490000,3020.96997070312
"44",3007.65991210938,3017.18994140625,3000.93994140625,3013.17993164062,3632770000,3013.17993164062
"45",3016.21997070312,3017.39990234375,2958.080078125,2980.3798828125,4626330000,2980.3798828125
"46",2980.32006835938,3013.59008789062,2945.22998046875,2953.56005859375,4793810000,2953.56005859375
"47",2943.89990234375,2945.5,2914.11010742188,2932.05004882812,3882810000,2932.05004882812
"48",2898.07006835938,2898.07006835938,2822.1201171875,2844.73999023438,4542850000,2844.73999023438
"49",2861.17993164062,2884.39990234375,2847.419921875,2881.77001953125,4156640000,2881.77001953125
"50",2858.64990234375,2892.169921875,2825.7099609375,2883.97998046875,4512720000,2883.97998046875
"51",2896.2099609375,2938.71997070312,2894.46997070312,2938.09008789062,4118530000,2938.09008789062
"52",2930.51000976562,2935.75,2900.14990234375,2918.64990234375,3356850000,2918.64990234375
"53",2907.07006835938,2907.580078125,2873.13989257812,2882.69995117188,3328570000,2882.69995117188
"54",2880.71997070312,2943.31005859375,2877.05004882812,2926.32006835938,3857190000,2926.32006835938
"55",2894.14990234375,2894.14990234375,2839.63989257812,2840.60009765625,4325150000,2840.60009765625
"56",2846.19995117188,2856.669921875,2825.51000976562,2847.60009765625,4041720000,2847.60009765625
"57",2864.73999023438,2893.6298828125,2864.73999023438,2888.67993164062,3524080000,2888.67993164062
"58",2913.47998046875,2931,2913.47998046875,2923.64990234375,3221050000,2923.64990234375
"59",2919.01000976562,2923.6298828125,2899.60009765625,2900.51000976562,3067710000,2900.51000976562
"60",2922.0400390625,2928.72998046875,2917.90991210938,2924.42993164062,3016540000,2924.42993164062
"61",2930.93994140625,2939.080078125,2904.51000976562,2922.94995117188,2893660000,2922.94995117188
"62",2911.07006835938,2927.01000976562,2834.96997070312,2847.11010742188,3942520000,2847.11010742188
"63",2866.69995117188,2879.27001953125,2856,2878.3798828125,2859790000,2878.3798828125
"64",2893.13989257812,2898.7900390625,2860.59008789062,2869.15991210938,3537490000,2869.15991210938
"65",2861.28002929688,2890.03002929688,2853.05004882812,2887.93994140625,3102480000,2887.93994140625
"66",2910.3701171875,2930.5,2905.669921875,2924.580078125,3177150000,2924.580078125
"67",2937.09008789062,2940.42993164062,2913.32006835938,2926.4599609375,3009910000,2926.4599609375
"68",2909.01000976562,2914.38989257812,2891.85009765625,2906.27001953125,3427830000,2906.27001953125
"69",2924.669921875,2938.84008789062,2921.86010742188,2937.78002929688,3167900000,2937.78002929688
"70",2960.60009765625,2985.86010742188,2960.60009765625,2976,3902600000,2976
"71",2980.330078125,2985.03002929688,2972.51000976562,2978.7099609375,3209340000,2978.7099609375
"72",2988.42993164062,2989.42993164062,2969.38989257812,2978.42993164062,4031120000,2978.42993164062
"73",2971.01000976562,2979.38989257812,2957.01000976562,2979.38989257812,4393040000,2979.38989257812
"74",2981.40991210938,3000.92993164062,2975.31005859375,3000.92993164062,3934370000,3000.92993164062
"75",3009.080078125,3020.73999023438,3000.919921875,3009.57006835938,3796990000,3009.57006835938
"76",3012.2099609375,3017.330078125,3002.89990234375,3007.38989257812,3557010000,3007.38989257812
"77",2996.40991210938,3002.18994140625,2990.669921875,2997.9599609375,4285860000,2997.9599609375
"78",2995.669921875,3006.2099609375,2993.72998046875,3005.69995117188,3673250000,3005.69995117188
"79",3001.5,3007.830078125,2978.57006835938,3006.72998046875,3458800000,3006.72998046875
"80",3010.36010742188,3021.98999023438,3003.15991210938,3006.7900390625,3265660000,3006.7900390625
"81",3008.419921875,3016.3701171875,2984.67993164062,2992.07006835938,6103440000,2992.07006835938
"82",2983.5,2999.14990234375,2982.22998046875,2991.78002929688,3187250000,2991.78002929688
"83",3002.42993164062,3007.97998046875,2957.72998046875,2966.60009765625,3872800000,2966.60009765625
"84",2968.35009765625,2989.82006835938,2952.86010742188,2984.8701171875,3331200000,2984.8701171875
"85",2985.72998046875,2987.28002929688,2963.7099609375,2977.6201171875,3084910000,2977.6201171875
"86",2985.46997070312,2987.31005859375,2945.53002929688,2961.7900390625,3246480000,2961.7900390625
"87",2967.07006835938,2983.85009765625,2967.07006835938,2976.73999023438,3249130000,2976.73999023438
"88",2983.68994140625,2992.53002929688,2938.69995117188,2940.25,3560750000,2940.25
"89",2924.78002929688,2924.78002929688,2874.92993164062,2887.61010742188,3914180000,2887.61010742188
"90",2885.3798828125,2911.1298828125,2855.93994140625,2910.6298828125,3515130000,2910.6298828125
"91",2918.56005859375,2953.73999023438,2918.56005859375,2952.01000976562,3005600000,2952.01000976562
"92",2944.22998046875,2959.75,2935.67993164062,2938.7900390625,2959050000,2938.7900390625
"93",2920.39990234375,2925.46997070312,2892.65991210938,2893.06005859375,3370700000,2893.06005859375
"94",2911.10009765625,2929.32006835938,2907.40991210938,2919.39990234375,2735350000,2919.39990234375
"95",2918.55004882812,2948.4599609375,2917.1201171875,2938.1298828125,3234400000,2938.1298828125
"96",2963.07006835938,2993.28002929688,2963.07006835938,2970.27001953125,3581320000,2970.27001953125
"97",2965.81005859375,2972.84008789062,2962.93994140625,2966.14990234375,2559270000,2966.14990234375
"98",2973.61010742188,3003.28002929688,2973.61010742188,2995.67993164062,3345090000,2995.67993164062
"99",2989.67993164062,2997.5400390625,2985.19995117188,2989.68994140625,3230320000,2989.68994140625
"100",3000.77001953125,3008.2900390625,2991.7900390625,2997.94995117188,3103470000,2997.94995117188
"101",2996.84008789062,3000,2976.31005859375,2986.19995117188,3268970000,2986.19995117188
"102",2996.47998046875,3007.330078125,2995.35009765625,3006.71997070312,3271960000,3006.71997070312
"103",3010.72998046875,3014.57006835938,2995.0400390625,2995.98999023438,3527540000,2995.98999023438
"104",2994.01000976562,3004.78002929688,2991.2099609375,3004.52001953125,3413600000,3004.52001953125
"105",3014.78002929688,3016.07006835938,3000.419921875,3010.2900390625,3696510000,3010.2900390625
"106",3003.32006835938,3027.38989257812,3001.93994140625,3022.55004882812,3379060000,3022.55004882812
"107",3032.1201171875,3044.080078125,3032.1201171875,3039.419921875,3524970000,3039.419921875
"108",3035.38989257812,3047.8701171875,3034.81005859375,3036.88989257812,3594430000,3036.88989257812
"109",3039.73999023438,3050.10009765625,3025.9599609375,3046.77001953125,3779660000,3046.77001953125
"110",3046.89990234375,3046.89990234375,3023.18994140625,3037.56005859375,4149310000,3037.56005859375
"111",3050.71997070312,3066.94995117188,3050.71997070312,3066.90991210938,3956290000,3066.90991210938
"112",3078.9599609375,3085.19995117188,3074.8701171875,3078.27001953125,4178040000,3078.27001953125
"113",3080.80004882812,3083.94995117188,3072.14990234375,3074.6201171875,4490590000,3074.6201171875
"114",3075.10009765625,3078.34008789062,3065.88989257812,3076.78002929688,4465510000,3076.78002929688
"115",3087.02001953125,3097.77001953125,3080.22998046875,3085.17993164062,4151990000,3085.17993164062
"116",3081.25,3093.09008789062,3073.580078125,3093.080078125,3508160000,3093.080078125
"117",3080.330078125,3088.330078125,3075.82006835938,3087.01000976562,3041120000,3087.01000976562
"118",3089.28002929688,3102.61010742188,3084.72998046875,3091.84008789062,3495560000,3091.84008789062
"119",3084.17993164062,3098.06005859375,3078.80004882812,3094.0400390625,3513720000,3094.0400390625
"120",3090.75,3098.19995117188,3083.26000976562,3096.6298828125,3282090000,3096.6298828125
"121",3107.919921875,3120.4599609375,3104.60009765625,3120.4599609375,3359800000,3120.4599609375
"122",3117.90991210938,3124.169921875,3112.06005859375,3122.03002929688,3440140000,3122.03002929688
"123",3127.44995117188,3127.63989257812,3113.46997070312,3120.17993164062,3613670000,3120.17993164062
"124",3114.65991210938,3118.96997070312,3091.40991210938,3108.4599609375,4041010000,3108.4599609375
"125",3108.48999023438,3110.11010742188,3094.55004882812,3103.5400390625,3744010000,3103.5400390625
"126",3111.40991210938,3112.8701171875,3099.26000976562,3110.2900390625,3235270000,3110.2900390625
"127",3117.43994140625,3133.830078125,3117.43994140625,3133.63989257812,3514310000,3133.63989257812
"128",3134.85009765625,3142.68994140625,3131,3140.52001953125,4600450000,3140.52001953125
"129",3145.48999023438,3154.26000976562,3143.40991210938,3153.6298828125,3035470000,3153.6298828125
"130",3147.17993164062,3150.30004882812,3139.34008789062,3140.97998046875,1743420000,3140.97998046875
"131",3143.85009765625,3144.31005859375,3110.78002929688,3113.8701171875,3285750000,3113.8701171875
"132",3087.40991210938,3094.96997070312,3070.330078125,3093.19995117188,3671580000,3093.19995117188
"133",3103.5,3119.3798828125,3102.53002929688,3112.76000976562,3702980000,3112.76000976562
"134",3119.2099609375,3119.44995117188,3103.76000976562,3117.42993164062,3360480000,3117.42993164062
"135",3134.6201171875,3150.60009765625,3134.6201171875,3145.90991210938,3483310000,3145.90991210938
"136",3141.86010742188,3148.8701171875,3135.4599609375,3135.9599609375,3400470000,3135.9599609375
"137",3135.36010742188,3142.1201171875,3126.09008789062,3132.52001953125,3346310000,3132.52001953125
"138",3135.75,3143.97998046875,3133.2099609375,3141.6298828125,3257650000,3141.6298828125
"139",3141.22998046875,3176.28002929688,3138.46997070312,3168.57006835938,4003200000,3168.57006835938
"140",3166.64990234375,3182.67993164062,3156.51000976562,3168.80004882812,3757650000,3168.80004882812
"141",3183.6298828125,3197.7099609375,3183.6298828125,3191.44995117188,4070200000,3191.44995117188
"142",3195.39990234375,3198.21997070312,3191.03002929688,3192.52001953125,3842940000,3192.52001953125
"143",3195.2099609375,3198.47998046875,3191.13989257812,3191.13989257812,4029950000,3191.13989257812
"144",3192.32006835938,3205.47998046875,3192.32006835938,3205.3701171875,3784360000,3205.3701171875
"145",3223.330078125,3225.64990234375,3216.03002929688,3221.21997070312,6457480000,3221.21997070312
"146",3226.05004882812,3227.78002929688,3222.30004882812,3224.01000976562,3064530000,3224.01000976562
"147",3225.44995117188,3226.42993164062,3220.51000976562,3223.3798828125,1296530000,3223.3798828125
"148",3227.19995117188,3240.080078125,3227.19995117188,3239.90991210938,2164540000,3239.90991210938
"149",3247.22998046875,3247.92993164062,3234.3701171875,3240.02001953125,2429150000,3240.02001953125
"150",3240.09008789062,3240.919921875,3216.57006835938,3221.2900390625,3021720000,3221.2900390625
"151",3215.17993164062,3231.71997070312,3212.03002929688,3230.78002929688,2894760000,3230.78002929688
"152",3244.669921875,3258.13989257812,3235.53002929688,3257.85009765625,3459930000,3257.85009765625
"153",3226.36010742188,3246.14990234375,3222.34008789062,3234.85009765625,3484700000,3234.85009765625
"154",3217.55004882812,3246.84008789062,3214.63989257812,3246.28002929688,3702460000,3246.28002929688
"155",3241.86010742188,3244.90991210938,3232.42993164062,3237.17993164062,3435910000,3237.17993164062
"156",3238.59008789062,3267.07006835938,3236.669921875,3253.05004882812,3726840000,3253.05004882812
"157",3266.03002929688,3275.580078125,3263.669921875,3274.69995117188,3641230000,3274.69995117188
"158",3281.81005859375,3282.98999023438,3260.86010742188,3265.35009765625,3214580000,3265.35009765625
"159",3271.1298828125,3288.1298828125,3268.42993164062,3288.1298828125,3459390000,3288.1298828125
"160",3285.35009765625,3294.25,3277.18994140625,3283.14990234375,3687620000,3283.14990234375
"161",3282.27001953125,3298.65991210938,3280.68994140625,3289.2900390625,3721490000,3289.2900390625
"162",3302.96997070312,3317.11010742188,3302.82006835938,3316.81005859375,3540580000,3316.81005859375
"163",3323.65991210938,3329.8798828125,3318.86010742188,3329.6201171875,3726220000,3329.6201171875
"164",3321.03002929688,3329.7900390625,3316.61010742188,3320.7900390625,4104840000,3320.7900390625
"165",3330.02001953125,3337.77001953125,3320.0400390625,3321.75,3623780000,3321.75
"166",3315.77001953125,3326.8798828125,3301.8701171875,3325.5400390625,3766710000,3325.5400390625
"167",3333.10009765625,3333.17993164062,3281.53002929688,3295.46997070312,3708780000,3295.46997070312
"168",3247.15991210938,3258.85009765625,3234.5,3243.6298828125,3831050000,3243.6298828125
"169",3255.35009765625,3285.78002929688,3253.21997070312,3276.23999023438,3531570000,3276.23999023438
"170",3289.4599609375,3293.46997070312,3271.88989257812,3273.39990234375,3600250000,3273.39990234375
"171",3256.44995117188,3285.90991210938,3242.80004882812,3283.65991210938,3790350000,3283.65991210938
"172",3282.330078125,3282.330078125,3214.67993164062,3225.52001953125,4529700000,3225.52001953125
"173",3235.65991210938,3268.43994140625,3235.65991210938,3248.919921875,3760460000,3248.919921875
"174",3280.61010742188,3306.919921875,3280.61010742188,3297.59008789062,3996900000,3297.59008789062
"175",3324.90991210938,3337.580078125,3313.75,3334.68994140625,4121480000,3334.68994140625
"176",3344.919921875,3347.9599609375,3334.38989257812,3345.78002929688,3887250000,3345.78002929688
"177",3335.5400390625,3341.419921875,3322.1201171875,3327.7099609375,3733920000,3327.7099609375
"178",3318.28002929688,3352.26000976562,3317.77001953125,3352.09008789062,3462730000,3352.09008789062
"179",3365.8701171875,3375.6298828125,3352.71997070312,3357.75,3762940000,3357.75
"180",3370.5,3381.46997070312,3369.71997070312,3379.44995117188,3930910000,3379.44995117188
"181",3365.89990234375,3385.09008789062,3360.52001953125,3373.93994140625,3500890000,3373.93994140625
"182",3378.080078125,3380.68994140625,3366.14990234375,3380.15991210938,3419700000,3380.15991210938
"183",3369.0400390625,3375.01000976562,3355.61010742188,3370.2900390625,3750400000,3370.2900390625
"184",3380.38989257812,3393.52001953125,3378.830078125,3386.14990234375,3614200000,3386.14990234375
"185",3380.44995117188,3389.14990234375,3341.02001953125,3373.22998046875,4019180000,3373.22998046875
"186",3360.5,3360.76000976562,3328.44995117188,3337.75,3908780000,3337.75
"187",3257.61010742188,3259.81005859375,3214.64990234375,3225.88989257812,4851160000,3225.88989257812
"188",3238.93994140625,3246.98999023438,3118.77001953125,3128.2099609375,5596760000,3128.2099609375
"189",3139.89990234375,3182.51000976562,3108.98999023438,3116.38989257812,5484650000,3116.38989257812
"190",3062.5400390625,3097.07006835938,2977.38989257812,2978.76000976562,7064710000,2978.76000976562
"191",2916.89990234375,2959.71997070312,2855.84008789062,2954.21997070312,8569570000,2954.21997070312
"192",2974.28002929688,3090.9599609375,2945.18994140625,3090.22998046875,6381330000,3090.22998046875
"193",3096.4599609375,3136.71997070312,2976.6298828125,3003.3701171875,6376510000,3003.3701171875
"194",3045.75,3130.96997070312,3034.3798828125,3130.1201171875,5073020000,3130.1201171875
"195",3075.69995117188,3083.0400390625,2999.830078125,3023.93994140625,5579290000,3023.93994140625
"196",2954.19995117188,2985.92993164062,2901.5400390625,2972.3701171875,6555240000,2972.3701171875
"197",2863.88989257812,2863.88989257812,2734.42993164062,2746.56005859375,8441290000,2746.56005859375
"198",2813.47998046875,2882.59008789062,2734,2882.22998046875,7642040000,2882.22998046875
"199",2825.60009765625,2825.60009765625,2707.21997070312,2741.3798828125,7431200000,2741.3798828125
"200",2630.86010742188,2660.94995117188,2478.86010742188,2480.63989257812,8850810000,2480.63989257812
"201",2569.98999023438,2711.330078125,2492.3701171875,2711.02001953125,8299070000,2711.02001953125
"202",2508.59008789062,2562.97998046875,2380.93994140625,2386.1298828125,7805450000,2386.1298828125
"203",2425.65991210938,2553.92993164062,2367.0400390625,2529.18994140625,8370250000,2529.18994140625
"204",2436.5,2453.57006835938,2280.52001953125,2398.10009765625,8799300000,2398.10009765625
"205",2393.47998046875,2466.96997070312,2319.78002929688,2409.38989257812,7956100000,2409.38989257812
"206",2431.93994140625,2453.01000976562,2295.56005859375,2304.919921875,9053950000,2304.919921875
"207",2290.7099609375,2300.72998046875,2191.86010742188,2237.39990234375,7411380000,2237.39990234375
"208",2344.43994140625,2449.7099609375,2344.43994140625,2447.330078125,7563150000,2447.330078125
"209",2457.77001953125,2571.419921875,2407.53002929688,2475.56005859375,8300010000,2475.56005859375
"210",2501.2900390625,2637.01000976562,2500.71997070312,2630.07006835938,7766990000,2630.07006835938
"211",2555.8701171875,2615.90991210938,2520.02001953125,2541.46997070312,6201670000,2541.46997070312
"212",2558.97998046875,2631.80004882812,2545.28002929688,2626.64990234375,5751120000,2626.64990234375
"213",2614.68994140625,2641.38989257812,2571.14990234375,2584.59008789062,6576210000,2584.59008789062
"214",2498.080078125,2522.75,2447.48999023438,2470.5,5.964e+09,2470.5
"215",2458.5400390625,2533.21997070312,2455.7900390625,2526.89990234375,6464190000,2526.89990234375
"216",2514.919921875,2538.17993164062,2459.9599609375,2488.64990234375,6096970000,2488.64990234375
"217",2578.28002929688,2676.85009765625,2574.57006835938,2663.67993164062,6403840000,2663.67993164062
"218",2738.64990234375,2756.88989257812,2657.669921875,2659.40991210938,7050410000,2659.40991210938
"219",2685,2760.75,2663.30004882812,2749.97998046875,5875710000,2749.97998046875
"220",2776.98999023438,2818.57006835938,2762.36010742188,2789.82006835938,7899550000,2789.82006835938
"221",2782.4599609375,2782.4599609375,2721.169921875,2761.6298828125,5319530000,2761.6298828125
"222",2805.10009765625,2851.85009765625,2805.10009765625,2846.06005859375,5615730000,2846.06005859375
"223",2795.63989257812,2801.8798828125,2761.5400390625,2783.36010742188,5.208e+09,2783.36010742188
"224",2799.34008789062,2806.51000976562,2764.32006835938,2799.55004882812,5228810000,2799.55004882812
"225",2842.42993164062,2879.21997070312,2830.8798828125,2874.56005859375,5804810000,2874.56005859375
"226",2845.6201171875,2868.97998046875,2820.42993164062,2823.15991210938,5228630000,2823.15991210938
"227",2784.81005859375,2785.5400390625,2727.10009765625,2736.56005859375,5121010000,2736.56005859375
"228",2787.88989257812,2815.10009765625,2775.94995117188,2799.31005859375,5084920000,2799.31005859375
"229",2810.419921875,2844.89990234375,2794.26000976562,2797.80004882812,5773530000,2797.80004882812
"230",2812.63989257812,2842.7099609375,2791.76000976562,2836.73999023438,5382810000,2836.73999023438
"231",2854.64990234375,2887.71997070312,2852.88989257812,2878.47998046875,5203930000,2878.47998046875
"232",2909.9599609375,2921.14990234375,2860.7099609375,2863.38989257812,5691160000,2863.38989257812
"233",2918.4599609375,2954.86010742188,2912.15991210938,2939.51000976562,6645640000,2939.51000976562
"234",2930.90991210938,2930.90991210938,2892.46997070312,2912.42993164062,6544980000,2912.42993164062
"235",2869.09008789062,2869.09008789062,2821.61010742188,2830.7099609375,4759810000,2830.7099609375
"236",2815.01000976562,2844.23999023438,2797.85009765625,2842.73999023438,4735930000,2842.73999023438
"237",2868.8798828125,2898.22998046875,2863.55004882812,2868.43994140625,5140290000,2868.43994140625
"238",2883.13989257812,2891.11010742188,2847.64990234375,2848.419921875,4892570000,2848.419921875
"239",2878.26000976562,2901.919921875,2876.47998046875,2881.18994140625,5178790000,2881.18994140625
"240",2908.830078125,2932.15991210938,2902.8798828125,2929.80004882812,4876030000,2929.80004882812
"241",2915.4599609375,2944.25,2903.43994140625,2930.18994140625,4819730000,2930.18994140625
"242",2939.5,2945.82006835938,2869.59008789062,2870.1201171875,5119630000,2870.1201171875
"243",2865.86010742188,2874.13989257812,2793.14990234375,2820,6151650000,2820
"244",2794.5400390625,2852.80004882812,2766.63989257812,2852.5,5651130000,2852.5
"245",2829.94995117188,2865.01000976562,2816.78002929688,2863.69995117188,5507700000,2863.69995117188
"246",2913.86010742188,2968.09008789062,2913.86010742188,2953.90991210938,6373670000,2953.90991210938
"247",2948.59008789062,2964.2099609375,2922.35009765625,2922.93994140625,4984330000,2922.93994140625
"248",2953.6298828125,2980.2900390625,2953.6298828125,2971.61010742188,5005380000,2971.61010742188
"249",2969.94995117188,2978.5,2938.57006835938,2948.51000976562,4976620000,2948.51000976562
"250",2948.05004882812,2956.76000976562,2933.59008789062,2955.44995117188,3970860000,2955.44995117188
"251",3004.080078125,3021.71997070312,2988.169921875,2991.77001953125,5848500000,2991.77001953125
"252",3015.64990234375,3036.25,2969.75,3036.1298828125,6.398e+09,3036.1298828125
"253",3046.61010742188,3068.669921875,3023.39990234375,3029.72998046875,5447020000,3029.72998046875
"254",3025.169921875,3049.169921875,2998.61010742188,3044.31005859375,7297550000,3044.31005859375
"255",3038.78002929688,3062.17993164062,3031.5400390625,3055.72998046875,4684170000,3055.72998046875
"256",3064.78002929688,3081.07006835938,3051.63989257812,3080.82006835938,5197150000,3080.82006835938
"257",3098.89990234375,3130.93994140625,3098.89990234375,3122.8701171875,6005560000,3122.8701171875
"258",3111.56005859375,3128.90991210938,3090.40991210938,3112.35009765625,6451290000,3112.35009765625
"259",3163.84008789062,3211.71997070312,3163.84008789062,3193.92993164062,8639300000,3193.92993164062
"260",3199.919921875,3233.1298828125,3196,3232.38989257812,8498300000,3232.38989257812
"261",3213.32006835938,3222.7099609375,3193.11010742188,3207.17993164062,6410930000,3207.17993164062
"262",3213.419921875,3223.27001953125,3181.48999023438,3190.13989257812,6598870000,3190.13989257812
"263",3123.53002929688,3123.53002929688,2999.48999023438,3002.10009765625,7037320000,3002.10009765625
"264",3071.0400390625,3088.419921875,2984.46997070312,3041.31005859375,5845330000,3041.31005859375
"265",2993.76000976562,3079.76000976562,2965.65991210938,3066.59008789062,5757480000,3066.59008789062
"266",3131,3153.44995117188,3076.06005859375,3124.73999023438,5845810000,3124.73999023438
"267",3136.1298828125,3141.15991210938,3108.03002929688,3113.48999023438,4560450000,3113.48999023438
"268",3101.63989257812,3120,3093.51000976562,3115.34008789062,4448690000,3115.34008789062
"269",3140.2900390625,3155.53002929688,3083.11010742188,3097.73999023438,8346650000,3097.73999023438
"270",3094.419921875,3120.919921875,3079.38989257812,3117.86010742188,4686690000,3117.86010742188
"271",3138.69995117188,3154.89990234375,3127.1201171875,3131.2900390625,4711850000,3131.2900390625
"272",3114.39990234375,3115.01000976562,3032.1298828125,3050.330078125,5597680000,3050.330078125
"273",3046.60009765625,3086.25,3024.01000976562,3083.76000976562,4847690000,3083.76000976562
"274",3073.19995117188,3073.72998046875,3004.6298828125,3009.05004882812,8107850000,3009.05004882812
"275",3018.59008789062,3053.88989257812,2999.73999023438,3053.23999023438,4473970000,3053.23999023438
"276",3050.19995117188,3111.51000976562,3047.830078125,3100.2900390625,4705850000,3100.2900390625
"277",3105.919921875,3128.43994140625,3101.169921875,3115.86010742188,4449230000,3115.86010742188
"278",3143.63989257812,3165.81005859375,3124.52001953125,3130.01000976562,4197720000,3130.01000976562
"279",3155.2900390625,3182.59008789062,3155.2900390625,3179.71997070312,4759160000,3179.71997070312
"280",3166.43994140625,3184.14990234375,3142.92993164062,3145.32006835938,4571330000,3145.32006835938
"281",3153.07006835938,3171.80004882812,3136.53002929688,3169.93994140625,4937310000,3169.93994140625
"282",3176.169921875,3179.78002929688,3115.69995117188,3152.05004882812,4843650000,3152.05004882812
"283",3152.46997070312,3186.82006835938,3136.21997070312,3185.0400390625,4524190000,3185.0400390625
"284",3205.080078125,3235.32006835938,3149.42993164062,3155.21997070312,4902440000,3155.21997070312
"285",3141.11010742188,3200.94995117188,3127.65991210938,3197.52001953125,4507140000,3197.52001953125
"286",3225.97998046875,3238.28002929688,3200.76000976562,3226.56005859375,4686830000,3226.56005859375
"287",3208.36010742188,3220.38989257812,3198.59008789062,3215.57006835938,3972860000,3215.57006835938
"288",3224.2099609375,3233.52001953125,3205.64990234375,3224.72998046875,4012850000,3224.72998046875
"289",3224.2900390625,3258.61010742188,3215.15991210938,3251.84008789062,3979340000,3251.84008789062
"290",3268.52001953125,3277.2900390625,3247.77001953125,3257.30004882812,4556610000,3257.30004882812
"291",3254.86010742188,3279.32006835938,3253.10009765625,3276.02001953125,4267160000,3276.02001953125
"292",3271.63989257812,3279.98999023438,3222.65991210938,3235.65991210938,4296760000,3235.65991210938
"293",3218.580078125,3227.26000976562,3200.05004882812,3215.6298828125,3689410000,3215.6298828125
"294",3219.84008789062,3241.42993164062,3214.25,3239.40991210938,3970310000,3239.40991210938
"295",3234.27001953125,3243.71997070312,3216.169921875,3218.43994140625,4053180000,3218.43994140625
"296",3227.21997070312,3264.73999023438,3227.21997070312,3258.43994140625,4478200000,3258.43994140625
"297",3231.76000976562,3250.919921875,3204.1298828125,3246.21997070312,4264920000,3246.21997070312
"298",3270.44995117188,3272.169921875,3220.26000976562,3271.1201171875,5007530000,3271.1201171875
"299",3288.26000976562,3302.72998046875,3284.53002929688,3294.61010742188,4438940000,3294.61010742188
"300",3289.919921875,3306.84008789062,3286.3701171875,3306.51000976562,4414380000,3306.51000976562
"301",3317.3701171875,3330.77001953125,3317.3701171875,3327.77001953125,4535060000,3327.77001953125
"302",3323.169921875,3351.03002929688,3318.13989257812,3349.15991210938,4278930000,3349.15991210938
"303",3340.05004882812,3352.5400390625,3328.71997070312,3351.28002929688,4110030000,3351.28002929688
"304",3356.0400390625,3363.2900390625,3335.43994140625,3360.46997070312,4327920000,3360.46997070312
"305",3370.34008789062,3381.01000976562,3326.43994140625,3333.68994140625,4880540000,3333.68994140625
"306",3355.4599609375,3387.88989257812,3355.4599609375,3380.35009765625,3772250000,3380.35009765625
"307",3372.94995117188,3387.23999023438,3363.35009765625,3373.42993164062,3438730000,3373.42993164062
"308",3368.65991210938,3378.51000976562,3361.63989257812,3372.85009765625,3200060000,3372.85009765625
"309",3380.86010742188,3387.59008789062,3379.21997070312,3381.98999023438,3460330000,3381.98999023438
"310",3387.0400390625,3395.06005859375,3370.14990234375,3389.78002929688,3669550000,3389.78002929688
"311",3392.51000976562,3399.5400390625,3369.65991210938,3374.85009765625,3679480000,3374.85009765625
"312",3360.47998046875,3390.80004882812,3354.68994140625,3385.51000976562,3431040000,3385.51000976562
"313",3386.01000976562,3399.9599609375,3379.31005859375,3397.15991210938,3505010000,3397.15991210938
"314",3418.09008789062,3432.09008789062,3413.1298828125,3431.28002929688,3743410000,3431.28002929688
"315",3435.94995117188,3444.2099609375,3425.84008789062,3443.6201171875,3627650000,3443.6201171875
"316",3449.96997070312,3481.07006835938,3444.14990234375,3478.72998046875,3780530000,3478.72998046875
"317",3485.13989257812,3501.3798828125,3468.35009765625,3484.55004882812,3955890000,3484.55004882812
"318",3494.68994140625,3509.22998046875,3484.32006835938,3508.01000976562,3868510000,3508.01000976562
"319",3509.72998046875,3514.77001953125,3493.25,3500.31005859375,4348280000,3500.31005859375
"320",3507.43994140625,3528.03002929688,3494.60009765625,3526.64990234375,4101490000,3526.64990234375
"321",3543.76000976562,3588.11010742188,3535.22998046875,3580.84008789062,4295640000,3580.84008789062
"322",3564.73999023438,3564.85009765625,3427.40991210938,3455.06005859375,4911830000,3455.06005859375
"323",3453.60009765625,3479.14990234375,3349.6298828125,3426.9599609375,4438720000,3426.9599609375
"324",3371.8798828125,3379.96997070312,3329.27001953125,3331.84008789062,4694330000,3331.84008789062
"325",3369.82006835938,3424.77001953125,3366.84008789062,3398.9599609375,3932520000,3398.9599609375
"326",3412.56005859375,3425.55004882812,3329.25,3339.18994140625,4208630000,3339.18994140625
"327",3352.69995117188,3368.94995117188,3310.46997070312,3340.96997070312,3710090000,3340.96997070312
"328",3363.56005859375,3402.92993164062,3363.56005859375,3383.5400390625,3839580000,3383.5400390625
"329",3407.72998046875,3419.47998046875,3389.25,3401.19995117188,4057190000,3401.19995117188
"330",3411.22998046875,3428.919921875,3384.44995117188,3385.48999023438,4718900000,3385.48999023438
"331",3346.86010742188,3375.169921875,3328.82006835938,3357.01000976562,4379840000,3357.01000976562
"332",3357.3798828125,3362.27001953125,3292.39990234375,3319.46997070312,7076400000,3319.46997070312
"333",3285.57006835938,3285.57006835938,3229.10009765625,3281.06005859375,4836070000,3281.06005859375
"334",3295.75,3320.31005859375,3270.94995117188,3315.57006835938,3974510000,3315.57006835938
"335",3320.11010742188,3323.35009765625,3232.57006835938,3236.919921875,4378650000,3236.919921875
"336",3226.13989257812,3278.69995117188,3209.44995117188,3246.59008789062,4601920000,3246.59008789062
"337",3236.65991210938,3306.8798828125,3228.43994140625,3298.4599609375,3803330000,3298.4599609375
"338",3333.89990234375,3360.73999023438,3332.90991210938,3351.60009765625,3950910000,3351.60009765625
"339",3350.919921875,3357.919921875,3327.5400390625,3335.46997070312,3661590000,3335.46997070312
"340",3341.2099609375,3393.56005859375,3340.46997070312,3363,4738640000,3363
"341",3385.8701171875,3397.17993164062,3361.38989257812,3380.80004882812,4076340000,3380.80004882812
"342",3338.93994140625,3369.10009765625,3323.68994140625,3348.419921875,3975180000,3348.419921875
"343",3367.27001953125,3409.57006835938,3367.27001953125,3408.60009765625,3692720000,3408.60009765625
"344",3408.73999023438,3431.56005859375,3354.5400390625,3360.96997070312,4453390000,3360.96997070312
"345",3384.56005859375,3426.26000976562,3384.56005859375,3419.43994140625,3814750000,3419.43994140625
"346",3434.28002929688,3447.28002929688,3428.14990234375,3446.830078125,3867640000,3446.830078125
"347",3459.669921875,3482.34008789062,3458.07006835938,3477.13989257812,3944090000,3477.13989257812
"348",3500.02001953125,3549.85009765625,3499.61010742188,3534.21997070312,3435760000,3534.21997070312
"349",3534.01000976562,3534.01000976562,3500.86010742188,3511.92993164062,3611100000,3511.92993164062
"350",3515.46997070312,3527.93994140625,3480.55004882812,3488.669921875,3858510000,3488.669921875
"351",3453.71997070312,3489.080078125,3440.88989257812,3483.34008789062,3724550000,3483.34008789062
"352",3493.5,3515.76000976562,3480.44995117188,3483.81005859375,4688030000,3483.81005859375
"353",3493.65991210938,3502.419921875,3419.92993164062,3426.919921875,4091080000,3426.919921875
"354",3439.3798828125,3476.92993164062,3435.64990234375,3443.1201171875,3917850000,3443.1201171875
"355",3439.90991210938,3464.86010742188,3433.06005859375,3435.56005859375,4103960000,3435.56005859375
"356",3438.5,3460.53002929688,3415.34008789062,3453.48999023438,4172060000,3453.48999023438
"357",3464.89990234375,3466.4599609375,3440.44995117188,3465.38989257812,3651600000,3465.38989257812
"358",3441.419921875,3441.419921875,3364.86010742188,3400.96997070312,4002210000,3400.96997070312
"359",3403.14990234375,3409.51000976562,3388.7099609375,3390.67993164062,3962400000,3390.67993164062
"360",3342.47998046875,3342.47998046875,3268.88989257812,3271.03002929688,5139970000,3271.03002929688
"361",3277.169921875,3341.05004882812,3259.82006835938,3310.11010742188,4911860000,3310.11010742188
"362",3293.59008789062,3304.92993164062,3233.93994140625,3269.9599609375,4843930000,3269.9599609375
"363",3296.19995117188,3330.13989257812,3279.73999023438,3310.23999023438,4314690000,3310.23999023438
"364",3336.25,3389.48999023438,3336.25,3369.15991210938,4241380000,3369.15991210938
"365",3406.4599609375,3486.25,3405.169921875,3443.43994140625,4790400000,3443.43994140625
"366",3485.73999023438,3529.05004882812,3485.73999023438,3510.44995117188,4858150000,3510.44995117188
"367",3508.34008789062,3521.580078125,3484.34008789062,3509.43994140625,4842460000,3509.43994140625
"368",3583.0400390625,3645.98999023438,3547.47998046875,3550.5,8570510000,3550.5
"369",3543.26000976562,3557.21997070312,3511.90991210938,3545.53002929688,6037470000,3545.53002929688
"370",3563.21997070312,3581.15991210938,3557,3572.65991210938,4635560000,3572.65991210938
"371",3562.669921875,3569.02001953125,3518.580078125,3537.01000976562,4909660000,3537.01000976562
"372",3552.57006835938,3593.65991210938,3552.57006835938,3585.14990234375,4719580000,3585.14990234375
"373",3600.15991210938,3628.51000976562,3600.15991210938,3626.90991210938,5295510000,3626.90991210938
"374",3610.31005859375,3623.11010742188,3588.67993164062,3609.53002929688,4812180000,3609.53002929688
"375",3612.09008789062,3619.09008789062,3567.330078125,3567.7900390625,5284810000,3567.7900390625
"376",3559.40991210938,3585.21997070312,3543.84008789062,3581.8701171875,4363370000,3581.8701171875
"377",3579.31005859375,3581.22998046875,3556.85009765625,3557.5400390625,4236370000,3557.5400390625
"378",3566.82006835938,3589.81005859375,3552.77001953125,3577.59008789062,5057550000,3577.59008789062
"379",3594.52001953125,3642.31005859375,3594.52001953125,3635.40991210938,6280290000,3635.40991210938
"380",3635.5,3635.5,3617.76000976562,3629.64990234375,4910440000,3629.64990234375
"381",3638.55004882812,3644.31005859375,3629.330078125,3638.35009765625,2778390000,3638.35009765625
"382",3634.17993164062,3634.17993164062,3594.38989257812,3621.6298828125,6308410000,3621.6298828125
"383",3645.8701171875,3678.44995117188,3645.8701171875,3662.44995117188,5418480000,3662.44995117188
"384",3653.78002929688,3670.9599609375,3644.84008789062,3669.01000976562,5041250000,3669.01000976562
"385",3668.28002929688,3682.72998046875,3657.169921875,3666.71997070312,5065340000,3666.71997070312
"386",3670.93994140625,3699.19995117188,3670.93994140625,3699.1201171875,5099620000,3699.1201171875
"387",3694.72998046875,3697.40991210938,3678.8798828125,3691.9599609375,4804500000,3691.9599609375
"388",3683.05004882812,3708.44995117188,3678.830078125,3702.25,4584390000,3702.25
"389",3705.97998046875,3712.38989257812,3660.5400390625,3672.82006835938,5232800000,3672.82006835938
"390",3659.1298828125,3678.48999023438,3645.17993164062,3668.10009765625,4658480000,3668.10009765625
"391",3656.080078125,3665.90991210938,3633.39990234375,3663.4599609375,4375470000,3663.4599609375
"392",3675.27001953125,3697.61010742188,3645.84008789062,3647.48999023438,4623850000,3647.48999023438
"393",3666.40991210938,3695.2900390625,3659.6201171875,3694.6201171875,4387080000,3694.6201171875
"394",3696.25,3711.27001953125,3688.57006835938,3701.169921875,4067040000,3701.169921875
"395",3713.64990234375,3725.1201171875,3710.8701171875,3722.47998046875,4192810000,3722.47998046875
"396",3722.38989257812,3726.69995117188,3685.84008789062,3709.40991210938,7097100000,3709.40991210938
"397",3684.28002929688,3702.89990234375,3636.47998046875,3694.919921875,4748580000,3694.919921875
"398",3698.080078125,3698.26000976562,3676.15991210938,3687.26000976562,4053310000,3687.26000976562
"399",3693.419921875,3711.23999023438,3689.28002929688,3690.01000976562,3779160000,3690.01000976562
"400",3694.03002929688,3703.82006835938,3689.32006835938,3703.06005859375,1883780000,3703.06005859375
"401",3723.03002929688,3740.51000976562,3723.03002929688,3735.36010742188,3535460000,3735.36010742188
"402",3750.01000976562,3756.1201171875,3723.31005859375,3727.0400390625,3393290000,3727.0400390625
"403",3736.18994140625,3744.6298828125,3730.2099609375,3732.0400390625,3154850000,3732.0400390625
"404",3733.27001953125,3760.19995117188,3726.8798828125,3756.07006835938,3179040000,3756.07006835938
"405",3764.61010742188,3769.98999023438,3662.7099609375,3700.64990234375,5.015e+09,3700.64990234375
"406",3698.02001953125,3737.830078125,3695.07006835938,3726.86010742188,4591020000,3726.86010742188
"407",3712.19995117188,3783.0400390625,3705.34008789062,3748.13989257812,6064110000,3748.13989257812
"408",3764.7099609375,3811.55004882812,3764.7099609375,3803.7900390625,5099160000,3803.7900390625
"409",3815.05004882812,3826.68994140625,3783.60009765625,3824.67993164062,4773040000,3824.67993164062
"410",3803.13989257812,3817.86010742188,3789.02001953125,3799.61010742188,4465430000,3799.61010742188
"411",3801.6201171875,3810.78002929688,3776.51000976562,3801.18994140625,4994950000,3801.18994140625
"412",3802.22998046875,3820.9599609375,3791.5,3809.84008789062,4602510000,3809.84008789062
"413",3814.97998046875,3823.60009765625,3792.86010742188,3795.5400390625,5198480000,3795.5400390625
"414",3788.72998046875,3788.72998046875,3749.6201171875,3768.25,5369820000,3768.25
"415",3781.8798828125,3804.53002929688,3780.3701171875,3798.90991210938,5014440000,3798.90991210938
"416",3816.21997070312,3859.75,3816.21997070312,3851.85009765625,4566190000,3851.85009765625
"417",3857.4599609375,3861.44995117188,3845.05004882812,3853.07006835938,4501760000,3853.07006835938
"418",3844.23999023438,3852.31005859375,3830.40991210938,3841.46997070312,5110890000,3841.46997070312
"419",3851.67993164062,3859.22998046875,3797.15991210938,3855.36010742188,7000840000,3855.36010742188
"420",3862.9599609375,3870.89990234375,3847.78002929688,3849.6201171875,6137500000,3849.6201171875
"421",3836.830078125,3836.830078125,3732.47998046875,3750.77001953125,9976520000,3750.77001953125
"422",3755.75,3830.5,3755.75,3787.3798828125,6992770000,3787.3798828125
"423",3778.05004882812,3778.05004882812,3694.1201171875,3714.23999023438,6643370000,3714.23999023438
"424",3731.169921875,3784.32006835938,3725.6201171875,3773.86010742188,5436230000,3773.86010742188
"425",3791.84008789062,3843.09008789062,3791.84008789062,3826.31005859375,5514090000,3826.31005859375
"426",3840.27001953125,3847.51000976562,3816.67993164062,3830.169921875,4864870000,3830.169921875
"427",3836.65991210938,3872.419921875,3836.65991210938,3871.73999023438,4879240000,3871.73999023438
"428",3878.30004882812,3894.56005859375,3874.92993164062,3886.830078125,4879470000,3886.830078125
"429",3892.59008789062,3915.77001953125,3892.59008789062,3915.59008789062,4648360000,3915.59008789062
"430",3910.48999023438,3918.35009765625,3902.63989257812,3911.22998046875,4568320000,3911.22998046875
"431",3920.78002929688,3931.5,3884.93994140625,3909.8798828125,4837070000,3909.8798828125
"432",3916.39990234375,3925.98999023438,3890.38989257812,3916.3798828125,4590960000,3916.3798828125
"433",3911.64990234375,3937.22998046875,3905.78002929688,3934.830078125,4135060000,3934.830078125
"434",3939.61010742188,3950.42993164062,3923.85009765625,3932.59008789062,5058990000,3932.59008789062
"435",3918.5,3933.61010742188,3900.42993164062,3931.330078125,4730650000,3931.330078125
"436",3915.86010742188,3921.97998046875,3885.03002929688,3913.96997070312,4793650000,3913.96997070312
"437",3921.15991210938,3930.40991210938,3903.07006835938,3906.7099609375,4845320000,3906.7099609375
"438",3885.55004882812,3902.919921875,3874.7099609375,3876.5,5917100000,3876.5
"439",3857.07006835938,3895.97998046875,3805.59008789062,3881.3701171875,6296610000,3881.3701171875
"440",3873.7099609375,3928.64990234375,3859.60009765625,3925.42993164062,6012790000,3925.42993164062
"441",3915.80004882812,3925.02001953125,3814.0400390625,3829.34008789062,6547470000,3829.34008789062
"442",3839.65991210938,3861.080078125,3789.5400390625,3811.14990234375,6526070000,3811.14990234375
"443",3842.51000976562,3914.5,3842.51000976562,3901.82006835938,5114820000,3901.82006835938
"444",3903.63989257812,3906.40991210938,3868.57006835938,3870.2900390625,5536010000,3870.2900390625
"445",3863.98999023438,3874.46997070312,3818.86010742188,3819.71997070312,6173660000,3819.71997070312
"446",3818.53002929688,3843.669921875,3723.34008789062,3768.46997070312,7195400000,3768.46997070312
"447",3793.580078125,3851.68994140625,3730.18994140625,3841.93994140625,6851070000,3841.93994140625
"448",3844.38989257812,3881.06005859375,3819.25,3821.35009765625,5871710000,3821.35009765625
"449",3851.92993164062,3903.76000976562,3851.92993164062,3875.43994140625,5513560000,3875.43994140625
"450",3891.98999023438,3917.35009765625,3885.72998046875,3898.81005859375,5847380000,3898.81005859375
"451",3915.5400390625,3960.27001953125,3915.5400390625,3939.34008789062,5312880000,3939.34008789062
"452",3924.52001953125,3944.98999023438,3915.2099609375,3943.34008789062,4476280000,3943.34008789062
"453",3942.9599609375,3970.080078125,3923.5400390625,3968.93994140625,4900100000,3968.93994140625
"454",3973.59008789062,3981.0400390625,3953.43994140625,3962.7099609375,4613080000,3962.7099609375
"455",3949.57006835938,3983.8701171875,3935.73999023438,3974.1201171875,4561660000,3974.1201171875
"456",3953.5,3969.6201171875,3910.86010742188,3915.4599609375,5118590000,3915.4599609375
"457",3913.13989257812,3930.1201171875,3886.75,3913.10009765625,7757420000,3913.10009765625
"458",3916.47998046875,3955.31005859375,3914.15991210938,3940.59008789062,4316260000,3940.59008789062
"459",3937.60009765625,3949.1298828125,3901.57006835938,3910.52001953125,4669010000,3910.52001953125
"460",3919.92993164062,3942.080078125,3889.07006835938,3889.13989257812,4783020000,3889.13989257812
"461",3879.34008789062,3919.5400390625,3853.5,3909.52001953125,4948340000,3909.52001953125
"462",3917.1201171875,3978.18994140625,3917.1201171875,3974.5400390625,5483160000,3974.5400390625
"463",3969.31005859375,3981.830078125,3943.25,3971.09008789062,4628180000,3971.09008789062
"464",3963.34008789062,3968.01000976562,3944.35009765625,3958.55004882812,4121510000,3958.55004882812
"465",3967.25,3994.40991210938,3966.97998046875,3972.88989257812,4578050000,3972.88989257812
"466",3992.78002929688,4020.6298828125,3992.78002929688,4019.8701171875,4162130000,4019.8701171875
"467",4034.43994140625,4083.419921875,4034.43994140625,4077.90991210938,4005030000,4077.90991210938
"468",4075.57006835938,4086.22998046875,4068.13989257812,4073.93994140625,4081270000,4073.93994140625
"469",4074.2900390625,4083.1298828125,4068.31005859375,4079.94995117188,4120810000,4079.94995117188
"470",4089.94995117188,4098.18994140625,4082.5400390625,4097.169921875,3907100000,4097.169921875
"471",4096.10986328125,4129.47998046875,4095.51000976562,4128.7998046875,3640390000,4128.7998046875
"472",4124.7099609375,4131.759765625,4114.81982421875,4127.990234375,3588900000,4127.990234375
"473",4130.10009765625,4148,4124.43017578125,4141.58984375,3734720000,4141.58984375
"474",4141.580078125,4151.68994140625,4120.8701171875,4124.66015625,3985350000,4124.66015625
"475",4139.759765625,4173.490234375,4139.759765625,4170.419921875,4033420000,4170.419921875
"476",4174.14013671875,4191.31005859375,4170.75,4185.47021484375,4163820000,4185.47021484375
"477",4179.7998046875,4180.81005859375,4150.47021484375,4163.259765625,3810290000,4163.259765625
"478",4159.18017578125,4159.18017578125,4118.3798828125,4134.93994140625,4342650000,4134.93994140625
"479",4128.419921875,4175.02001953125,4126.35009765625,4173.419921875,3887250000,4173.419921875
"480",4170.4599609375,4179.56982421875,4123.68994140625,4134.97998046875,4245140000,4134.97998046875
"481",4138.77978515625,4194.169921875,4138.77978515625,4180.169921875,3569880000,4180.169921875
"482",4185.02978515625,4194.18994140625,4182.35986328125,4187.6201171875,3748320000,4187.6201171875
"483",4188.25,4193.35009765625,4176.22021484375,4186.72021484375,3710700000,4186.72021484375
"484",4185.14013671875,4201.52978515625,4181.77978515625,4183.18017578125,3787360000,4183.18017578125
"485",4206.14013671875,4218.77978515625,4176.81005859375,4211.47021484375,4298680000,4211.47021484375
"486",4198.10009765625,4198.10009765625,4174.85009765625,4181.169921875,4300880000,4181.169921875
"487",4191.97998046875,4209.39013671875,4188.02978515625,4192.66015625,4070220000,4192.66015625
"488",4179.0400390625,4179.0400390625,4128.58984375,4164.66015625,4452460000,4164.66015625
"489",4177.06005859375,4187.72021484375,4160.93994140625,4167.58984375,4230920000,4167.58984375
"490",4169.14013671875,4202.7001953125,4147.330078125,4201.6201171875,4.511e+09,4201.6201171875
"491",4210.33984375,4238.0400390625,4201.64013671875,4232.60009765625,4016080000,4232.60009765625
"492",4228.2900390625,4236.39013671875,4188.1298828125,4188.43017578125,4560700000,4188.43017578125
"493",4150.33984375,4162.0400390625,4111.52978515625,4152.10009765625,4870710000,4152.10009765625
"494",4130.5498046875,4134.72998046875,4056.8798828125,4063.0400390625,4733070000,4063.0400390625
"495",4074.98999023438,4131.580078125,4074.98999023438,4112.5,4779540000,4112.5
"496",4129.580078125,4183.1298828125,4129.580078125,4173.85009765625,4008880000,4173.85009765625
"497",4169.919921875,4171.919921875,4142.68994140625,4163.2900390625,4125050000,4163.2900390625
"498",4165.93994140625,4169.14990234375,4125.990234375,4127.830078125,4398150000,4127.830078125
"499",4098.4501953125,4116.93017578125,4061.40991210938,4115.68017578125,4247450000,4115.68017578125
"500",4121.97021484375,4172.7998046875,4121.97021484375,4159.1201171875,3978880000,4159.1201171875
"501",4168.60986328125,4188.72021484375,4151.72021484375,4155.85986328125,3995250000,4155.85986328125
"502",4170.16015625,4209.52001953125,4170.16015625,4197.0498046875,3684800000,4197.0498046875
"503",4205.93994140625,4213.419921875,4182.52001953125,4188.1298828125,4182250000,4188.1298828125
"504",4191.58984375,4202.60986328125,4184.10986328125,4195.990234375,4420890000,4195.990234375
"505",4201.93994140625,4213.3798828125,4197.77978515625,4200.8798828125,6406310000,4200.8798828125
"506",4210.77001953125,4218.35986328125,4203.56982421875,4204.10986328125,4649250000,4204.10986328125
"507",4216.52001953125,4234.1201171875,4197.58984375,4202.0400390625,5074670000,4202.0400390625
"508",4206.81982421875,4217.3701171875,4198.27001953125,4208.1201171875,5833670000,4208.1201171875
"509",4191.43017578125,4204.39013671875,4167.93017578125,4192.85009765625,5587970000,4192.85009765625
"510",4206.0498046875,4233.4501953125,4206.0498046875,4229.89013671875,4139790000,4229.89013671875
"511",4229.33984375,4232.33984375,4215.66015625,4226.52001953125,4476920000,4226.52001953125
"512",4233.81005859375,4236.740234375,4208.41015625,4227.259765625,4659620000,4227.259765625
"513",4232.990234375,4237.08984375,4218.740234375,4219.5498046875,4713260000,4219.5498046875
"514",4228.56005859375,4249.740234375,4220.33984375,4239.18017578125,4408210000,4239.18017578125
"515",4242.89990234375,4248.3798828125,4232.25,4247.43994140625,3815010000,4247.43994140625
"516",4248.31005859375,4255.58984375,4234.06982421875,4255.14990234375,4151200000,4255.14990234375
"517",4255.27978515625,4257.16015625,4238.35009765625,4246.58984375,4048940000,4246.58984375
"518",4248.8701171875,4251.89013671875,4202.4501953125,4223.7001953125,4538350000,4223.7001953125
"519",4220.3701171875,4232.2900390625,4196.0498046875,4221.85986328125,5312680000,4221.85986328125
"520",4204.77978515625,4204.77978515625,4164.39990234375,4166.4501953125,6817010000,4166.4501953125
"521",4173.39990234375,4226.240234375,4173.39990234375,4224.7900390625,4128950000,4224.7900390625
"522",4224.60986328125,4255.83984375,4217.27001953125,4246.43994140625,3828390000,4246.43994140625
"523",4249.27001953125,4256.60009765625,4241.43017578125,4241.83984375,3730350000,4241.83984375
"524",4256.97021484375,4271.27978515625,4256.97021484375,4266.490234375,3816660000,4266.490234375
"525",4274.4501953125,4286.1201171875,4271.16015625,4280.7001953125,7341450000,4280.7001953125
"526",4284.89990234375,4292.14013671875,4274.669921875,4290.60986328125,4147890000,4290.60986328125
"527",4293.2099609375,4300.52001953125,4287.0400390625,4291.7998046875,3707150000,4291.7998046875
"528",4290.64990234375,4302.43017578125,4287.9599609375,4297.5,4266040000,4297.5
"529",4300.72998046875,4320.66015625,4300.72998046875,4319.93994140625,3788230000,4319.93994140625
"530",4326.60009765625,4355.43017578125,4326.60009765625,4352.33984375,3225840000,4352.33984375
"531",4356.4599609375,4356.4599609375,4314.3701171875,4343.5400390625,4309570000,4343.5400390625
"532",4351.009765625,4361.8798828125,4329.7900390625,4358.1298828125,4037380000,4358.1298828125
"533",4321.06982421875,4330.8798828125,4289.3701171875,4320.81982421875,4347500000,4320.81982421875
"534",4329.3798828125,4371.60009765625,4329.3798828125,4369.5498046875,3531120000,4369.5498046875
"535",4372.41015625,4386.68017578125,4364.02978515625,4384.6298828125,3384460000,4384.6298828125
"536",4381.06982421875,4392.3701171875,4366.919921875,4369.2099609375,3695430000,4369.2099609375
"537",4380.10986328125,4393.68017578125,4362.35986328125,4374.2998046875,4006370000,4374.2998046875
"538",4369.02001953125,4369.02001953125,4340.7001953125,4360.02978515625,3905230000,4360.02978515625
"539",4367.43017578125,4375.08984375,4322.52978515625,4327.16015625,3985700000,4327.16015625
"540",4296.39990234375,4296.39990234375,4233.1298828125,4258.490234375,5157660000,4258.490234375
"541",4265.10986328125,4336.83984375,4262.0498046875,4323.06005859375,4438270000,4323.06005859375
"542",4331.1298828125,4359.7001953125,4331.1298828125,4358.68994140625,3810280000,4358.68994140625
"543",4361.27001953125,4369.8701171875,4350.06005859375,4367.47998046875,3358300000,4367.47998046875
"544",4381.2001953125,4415.18017578125,4381.2001953125,4411.7900390625,4540070000,4411.7900390625
"545",4409.580078125,4422.72998046875,4405.4501953125,4422.2998046875,4275630000,4422.2998046875
"546",4416.3798828125,4416.3798828125,4372.509765625,4401.4599609375,4241950000,4401.4599609375
"547",4402.9501953125,4415.47021484375,4387.009765625,4400.64013671875,4215290000,4400.64013671875
"548",4403.58984375,4429.97021484375,4403.58984375,4419.14990234375,4044600000,4419.14990234375
"549",4395.1201171875,4412.25,4389.64990234375,4395.259765625,3956740000,4395.259765625
"550",4406.85986328125,4422.18017578125,4384.81005859375,4387.16015625,3724090000,4387.16015625
"551",4392.740234375,4423.7900390625,4373,4423.14990234375,3965190000,4423.14990234375
"552",4415.9501953125,4416.169921875,4400.22998046875,4402.66015625,4260760000,4402.66015625
"553",4408.85986328125,4429.759765625,4408.85986328125,4429.10009765625,3769410000,4429.10009765625
"554",4429.06982421875,4440.81982421875,4429.06982421875,4436.52001953125,3451870000,4436.52001953125
"555",4437.77001953125,4439.39013671875,4424.740234375,4432.35009765625,3449280000,4432.35009765625
"556",4435.7900390625,4445.2099609375,4430.02978515625,4436.75,3886610000,4436.75
"557",4442.18017578125,4449.43994140625,4436.419921875,4442.41015625,3532560000,4442.41015625
"558",4446.080078125,4461.77001953125,4435.9599609375,4460.830078125,3375310000,4460.830078125
"559",4464.83984375,4468.3701171875,4460.81982421875,4468,3016470000,4468
"560",4461.64990234375,4480.259765625,4437.66015625,4479.7099609375,3370640000,4479.7099609375
"561",4462.1201171875,4462.1201171875,4417.830078125,4448.080078125,3836960000,4448.080078125
"562",4440.93994140625,4454.31982421875,4397.58984375,4400.27001953125,3755590000,4400.27001953125
"563",4382.43994140625,4418.60986328125,4367.72998046875,4405.7998046875,4398410000,4405.7998046875
"564",4410.56005859375,4444.35009765625,4406.7998046875,4441.669921875,3652610000,4441.669921875
"565",4450.2900390625,4489.8798828125,4450.2900390625,4479.52978515625,3576530000,4479.52978515625
"566",4484.39990234375,4492.81005859375,4482.27978515625,4486.22998046875,3979220000,4486.22998046875
"567",4490.4501953125,4501.7099609375,4485.66015625,4496.18994140625,3444700000,4496.18994140625
"568",4493.75,4495.89990234375,4468.990234375,4470,3263980000,4470
"569",4474.10009765625,4513.330078125,4474.10009765625,4509.3701171875,3331200000,4509.3701171875
"570",4513.759765625,4537.35986328125,4513.759765625,4528.7900390625,3168660000,4528.7900390625
"571",4529.75,4531.39013671875,4515.7998046875,4522.68017578125,4290710000,4522.68017578125
"572",4528.7998046875,4537.10986328125,4522.02001953125,4524.08984375,4057340000,4524.08984375
"573",4534.47998046875,4545.85009765625,4524.66015625,4536.9501953125,3735990000,4536.9501953125
"574",4532.419921875,4541.4501953125,4521.2998046875,4535.43017578125,3217530000,4535.43017578125
"575",4535.3798828125,4535.3798828125,4513,4520.02978515625,3822960000,4520.02978515625
"576",4518.08984375,4521.7900390625,4493.9501953125,4514.06982421875,3750880000,4514.06982421875
"577",4513.02001953125,4529.89990234375,4492.06982421875,4493.27978515625,3735390000,4493.27978515625
"578",4506.919921875,4520.47021484375,4457.66015625,4458.580078125,3623180000,4458.580078125
"579",4474.81005859375,4492.990234375,4445.7001953125,4468.72998046875,3914220000,4468.72998046875
"580",4479.330078125,4485.68017578125,4435.4599609375,4443.0498046875,3670460000,4443.0498046875
"581",4447.490234375,4486.8701171875,4438.3701171875,4480.7001953125,4032020000,4480.7001953125
"582",4477.08984375,4485.8701171875,4443.7998046875,4473.75,3984560000,4473.75
"583",4469.740234375,4471.52001953125,4427.759765625,4432.990234375,7289530000,4432.990234375
"584",4402.9501953125,4402.9501953125,4305.91015625,4357.72998046875,4898070000,4357.72998046875
"585",4374.4501953125,4394.8701171875,4347.9599609375,4354.18994140625,3920920000,4354.18994140625
"586",4367.43017578125,4416.75,4367.43017578125,4395.64013671875,3939170000,4395.64013671875
"587",4406.75,4465.39990234375,4406.75,4448.97998046875,3916350000,4448.97998046875
"588",4438.0400390625,4463.1201171875,4430.27001953125,4455.47998046875,3384290000,4455.47998046875
"589",4442.1201171875,4457.2998046875,4436.18994140625,4443.10986328125,4058650000,4443.10986328125
"590",4419.5400390625,4419.5400390625,4346.330078125,4352.6298828125,4416550000,4352.6298828125
"591",4362.41015625,4385.56982421875,4355.080078125,4359.4599609375,3712660000,4359.4599609375
"592",4370.669921875,4382.5498046875,4306.240234375,4307.5400390625,4448140000,4307.5400390625
"593",4317.16015625,4375.18994140625,4288.52001953125,4357.0400390625,4010370000,4357.0400390625
"594",4348.83984375,4355.509765625,4278.93994140625,4300.4599609375,4307870000,4300.4599609375
"595",4309.8701171875,4369.22998046875,4309.8701171875,4345.72021484375,3902890000,4345.72021484375
"596",4319.56982421875,4365.56982421875,4290.490234375,4363.5498046875,4009630000,4363.5498046875
"597",4383.72998046875,4429.97021484375,4383.72998046875,4399.759765625,3843740000,4399.759765625
"598",4406.509765625,4412.02001953125,4386.22021484375,4391.33984375,3280160000,4391.33984375
"599",4385.43994140625,4415.8798828125,4360.58984375,4361.18994140625,3281970000,4361.18994140625
"600",4368.31005859375,4374.89013671875,4342.08984375,4350.64990234375,3558450000,4350.64990234375
"601",4358.009765625,4372.8701171875,4329.919921875,4363.7998046875,3620070000,4363.7998046875
"602",4386.75,4439.72998046875,4386.75,4438.259765625,3598280000,4438.259765625
"603",4447.68994140625,4475.81982421875,4447.68994140625,4471.3701171875,3819380000,4471.3701171875
"604",4463.72021484375,4488.75,4447.47021484375,4486.4599609375,3662010000,4486.4599609375
"605",4497.33984375,4520.39990234375,4496.41015625,4519.6298828125,3459130000,4519.6298828125
"606",4524.419921875,4540.8701171875,4524.39990234375,4536.18994140625,3670760000,4536.18994140625
"607",4532.240234375,4551.43994140625,4526.89013671875,4549.77978515625,3822330000,4549.77978515625
"608",4546.1201171875,4559.669921875,4524,4544.89990234375,3758220000,4544.89990234375
"609",4553.68994140625,4572.6201171875,4537.35986328125,4566.47998046875,3899400000,4566.47998046875
"610",4578.68994140625,4598.52978515625,4569.169921875,4574.7900390625,3879740000,4574.7900390625
"611",4580.22021484375,4584.56982421875,4551.66015625,4551.68017578125,4226050000,4551.68017578125
"612",4562.83984375,4597.5498046875,4562.83984375,4596.419921875,4132950000,4596.419921875
"613",4572.8701171875,4608.080078125,4567.58984375,4605.3798828125,4510200000,4605.3798828125
"614",4610.6201171875,4620.33984375,4595.06005859375,4613.669921875,3971540000,4613.669921875
"615",4613.33984375,4635.14990234375,4613.33984375,4630.64990234375,3975250000,4630.64990234375
"616",4630.64990234375,4663.4599609375,4621.18994140625,4660.56982421875,4319660000,4660.56982421875
"617",4662.93017578125,4683,4662.58984375,4680.06005859375,4462300000,4680.06005859375
"618",4699.259765625,4718.5,4681.31982421875,4697.52978515625,4467180000,4697.52978515625
"619",4701.47998046875,4714.919921875,4694.39013671875,4701.7001953125,4269710000,4701.7001953125
"620",4707.25,4708.52978515625,4670.8701171875,4685.25,4117080000,4685.25
"621",4670.259765625,4684.85009765625,4630.85986328125,4646.7099609375,4503720000,4646.7099609375
"622",4659.39013671875,4664.5498046875,4648.31005859375,4649.27001953125,3926870000,4649.27001953125
"623",4655.240234375,4688.47021484375,4650.77001953125,4682.85009765625,3728600000,4682.85009765625
"624",4689.2998046875,4697.419921875,4672.85986328125,4682.7998046875,3488410000,4682.7998046875
"625",4679.419921875,4714.9501953125,4679.419921875,4700.89990234375,3972640000,4700.89990234375
"626",4701.5,4701.5,4684.41015625,4688.669921875,3969070000,4688.669921875
"627",4700.72021484375,4708.7998046875,4672.77978515625,4704.5400390625,4226410000,4704.5400390625
"628",4708.43994140625,4717.75,4694.22021484375,4697.9599609375,4253180000,4697.9599609375
"629",4712,4743.830078125,4682.169921875,4682.93994140625,4441100000,4682.93994140625
"630",4678.47998046875,4699.39013671875,4652.66015625,4690.7001953125,4277590000,4690.7001953125
"631",4675.77978515625,4702.8701171875,4659.89013671875,4701.4599609375,3418430000,4701.4599609375
"632",4664.6298828125,4664.6298828125,4585.43017578125,4594.6201171875,3517700000,4594.6201171875
"633",4628.75,4672.9501953125,4625.259765625,4655.27001953125,4336410000,4655.27001953125
"634",4640.25,4646.02001953125,4560,4567,6625990000,4567
"635",4602.81982421875,4652.93994140625,4510.27001953125,4513.0400390625,5366730000,4513.0400390625
"636",4504.72998046875,4595.4599609375,4504.72998046875,4577.10009765625,5077180000,4577.10009765625
"637",4589.490234375,4608.02978515625,4495.1201171875,4538.43017578125,5240070000,4538.43017578125
"638",4548.3701171875,4612.60009765625,4540.509765625,4591.669921875,4770800000,4591.669921875
"639",4631.97021484375,4694.0400390625,4631.97021484375,4686.75,4492400000,4686.75
"640",4690.85986328125,4705.06005859375,4674.52001953125,4701.2099609375,4234600000,4701.2099609375
"641",4691,4695.259765625,4665.97998046875,4667.4501953125,3903840000,4667.4501953125
"642",4687.64013671875,4713.56982421875,4670.240234375,4712.02001953125,3870110000,4712.02001953125
"643",4710.2998046875,4710.2998046875,4667.60009765625,4668.97021484375,4397230000,4668.97021484375
"644",4642.990234375,4660.47021484375,4606.52001953125,4634.08984375,4485430000,4634.08984375
"645",4636.4599609375,4712.60009765625,4611.22021484375,4709.85009765625,4910130000,4709.85009765625
"646",4719.1298828125,4731.990234375,4651.89013671875,4668.669921875,4829500000,4668.669921875
"647",4652.5,4666.7001953125,4600.22021484375,4620.64013671875,7987090000,4620.64013671875
"648",4587.89990234375,4587.89990234375,4531.10009765625,4568.02001953125,4635700000,4568.02001953125
"649",4594.9599609375,4651.14013671875,4583.16015625,4649.22998046875,4072430000,4649.22998046875
"650",4650.35986328125,4697.669921875,4645.52978515625,4696.56005859375,3319610000,4696.56005859375
"651",4703.9599609375,4740.740234375,4703.9599609375,4725.7900390625,2913040000,4725.7900390625
"652",4733.990234375,4791.490234375,4733.990234375,4791.18994140625,2770290000,4791.18994140625
"653",4795.490234375,4807.02001953125,4780.0400390625,4786.35009765625,2707920000,4786.35009765625
"654",4788.64013671875,4804.06005859375,4778.080078125,4793.06005859375,2963310000,4793.06005859375
"655",4794.22998046875,4808.93017578125,4775.330078125,4778.72998046875,3124950000,4778.72998046875
"656",4775.2099609375,4786.830078125,4765.75,4766.18017578125,2677820000,4766.18017578125
"657",4778.14013671875,4796.64013671875,4758.169921875,4796.56005859375,3831020000,4796.56005859375
"658",4804.509765625,4818.6201171875,4774.27001953125,4793.5400390625,4683170000,4793.5400390625
"659",4787.990234375,4797.7001953125,4699.43994140625,4700.580078125,4887960000,4700.580078125
"660",4693.39013671875,4725.009765625,4671.259765625,4696.0498046875,4295280000,4696.0498046875
"661",4697.66015625,4707.9501953125,4662.740234375,4677.02978515625,4181510000,4677.02978515625
"662",4655.33984375,4673.02001953125,4582.240234375,4670.2900390625,4511810000,4670.2900390625
"663",4669.14013671875,4714.1298828125,4638.27001953125,4713.06982421875,4101590000,4713.06982421875
"664",4728.58984375,4748.830078125,4706.7099609375,4726.35009765625,4048220000,4726.35009765625
"665",4733.56005859375,4744.1298828125,4650.2900390625,4659.02978515625,4251730000,4659.02978515625
"666",4637.990234375,4665.1298828125,4614.75,4662.85009765625,4338490000,4662.85009765625
"667",4632.240234375,4632.240234375,4568.7001953125,4577.10986328125,4748700000,4577.10986328125
"668",4588.02978515625,4611.5498046875,4530.2001953125,4532.759765625,4465740000,4532.759765625
"669",4547.35009765625,4602.10986328125,4477.9501953125,4482.72998046875,4640870000,4482.72998046875
"670",4471.3798828125,4494.52001953125,4395.33984375,4397.93994140625,5589100000,4397.93994140625
"671",4356.31982421875,4417.35009765625,4222.6201171875,4410.1298828125,6928110000,4410.1298828125
"672",4366.64013671875,4411.009765625,4287.10986328125,4356.4501953125,5145050000,4356.4501953125
"673",4408.43017578125,4453.22998046875,4304.7998046875,4349.93017578125,5570640000,4349.93017578125
"674",4380.580078125,4428.740234375,4309.5,4326.509765625,5214200000,4326.509765625
"675",4336.18994140625,4432.72021484375,4292.4599609375,4431.85009765625,5031090000,4431.85009765625
"676",4431.7900390625,4516.89013671875,4414.02001953125,4515.5498046875,5098610000,4515.5498046875
"677",4519.56982421875,4550.490234375,4483.52978515625,4546.5400390625,4816830000,4546.5400390625
"678",4566.39013671875,4595.31005859375,4544.31982421875,4589.3798828125,4481580000,4589.3798828125
"679",4535.41015625,4542.8798828125,4470.39013671875,4477.43994140625,4401970000,4477.43994140625
"680",4482.7900390625,4539.66015625,4451.5,4500.52978515625,4706290000,4500.52978515625
"681",4505.75,4521.85986328125,4471.47021484375,4483.8701171875,4228480000,4483.8701171875
"682",4480.02001953125,4531.31982421875,4465.39990234375,4521.5400390625,4459620000,4521.5400390625
"683",4547,4590.02978515625,4547,4587.18017578125,4524350000,4587.18017578125
"684",4553.240234375,4588.919921875,4484.31005859375,4504.080078125,5314860000,4504.080078125
"685",4506.27001953125,4526.330078125,4401.41015625,4418.64013671875,5251500000,4418.64013671875
"686",4412.60986328125,4426.22021484375,4364.83984375,4401.669921875,4600390000,4401.669921875
"687",4429.27978515625,4472.77001953125,4429.27978515625,4471.06982421875,4430830000,4471.06982421875
"688",4455.75,4489.5498046875,4429.68017578125,4475.009765625,4283640000,4475.009765625
"689",4456.06005859375,4456.06005859375,4373.81005859375,4380.259765625,4539420000,4380.259765625
"690",4384.56982421875,4394.60009765625,4327.22021484375,4348.8701171875,4708060000,4348.8701171875
"691",4332.740234375,4362.1201171875,4267.10986328125,4304.759765625,5121900000,4304.759765625
"692",4324.93017578125,4341.509765625,4221.509765625,4225.5,4797430000,4225.5
"693",4155.77001953125,4294.72998046875,4114.64990234375,4288.7001953125,6752130000,4288.7001953125
"694",4298.3798828125,4385.33984375,4286.830078125,4384.64990234375,5177060000,4384.64990234375
"695",4354.169921875,4388.83984375,4315.1201171875,4373.93994140625,6071370000,4373.93994140625
"696",4363.14013671875,4378.4501953125,4279.5400390625,4306.259765625,5846230000,4306.259765625
"697",4322.56005859375,4401.47998046875,4322.56005859375,4386.5400390625,5337870000,4386.5400390625
"698",4401.31005859375,4416.77978515625,4345.56005859375,4363.490234375,5039890000,4363.490234375
"699",4342.1201171875,4342.1201171875,4284.97998046875,4328.8701171875,5797380000,4328.8701171875
"700",4327.009765625,4327.009765625,4199.85009765625,4201.08984375,6940470000,4201.08984375
"701",4202.66015625,4276.93994140625,4157.8701171875,4170.7001953125,7243120000,4170.7001953125
"702",4223.10009765625,4299.39990234375,4223.10009765625,4277.8798828125,5662670000,4277.8798828125
"703",4252.5498046875,4268.27978515625,4209.7998046875,4259.52001953125,4980830000,4259.52001953125
"704",4279.5,4291.009765625,4200.490234375,4204.31005859375,4938640000,4204.31005859375
"705",4202.75,4247.56982421875,4161.72021484375,4173.10986328125,5574920000,4173.10986328125
"706",4188.81982421875,4271.0498046875,4187.89990234375,4262.4501953125,5392470000,4262.4501953125
"707",4288.14013671875,4358.89990234375,4251.990234375,4357.85986328125,6309750000,4357.85986328125
"708",4345.10986328125,4412.669921875,4335.64990234375,4411.669921875,4985090000,4411.669921875
"709",4407.33984375,4465.39990234375,4390.56982421875,4463.1201171875,8278430000,4463.1201171875
"710",4462.39990234375,4481.75,4424.2998046875,4461.18017578125,4869820000,4461.18017578125
"711",4469.10009765625,4522,4469.10009765625,4511.60986328125,4754840000,4511.60986328125
"712",4493.10009765625,4501.06982421875,4455.81005859375,4456.240234375,4550670000,4456.240234375
"713",4469.97998046875,4520.580078125,4465.169921875,4520.16015625,4131390000,4520.16015625
"714",4522.91015625,4546.02978515625,4501.06982421875,4543.06005859375,4305020000,4543.06005859375
"715",4541.08984375,4575.64990234375,4517.68994140625,4575.52001953125,4312260000,4575.52001953125
"716",4602.85986328125,4637.2998046875,4589.66015625,4631.60009765625,5085910000,4631.60009765625
"717",4624.2001953125,4627.77001953125,4581.31982421875,4602.4501953125,4385570000,4602.4501953125
"718",4599.02001953125,4603.06982421875,4530.41015625,4530.41015625,4823020000,4530.41015625
"719",4540.31982421875,4548.7001953125,4507.56982421875,4545.85986328125,4562940000,4545.85986328125
"720",4547.97021484375,4583.5,4539.2099609375,4582.64013671875,4547350000,4582.64013671875
"721",4572.4501953125,4593.4501953125,4514.169921875,4525.1201171875,4800620000,4525.1201171875
"722",4494.169921875,4503.93994140625,4450.0400390625,4481.14990234375,4986830000,4481.14990234375
"723",4474.64990234375,4521.16015625,4450.2998046875,4500.2099609375,4821490000,4500.2099609375
"724",4494.14990234375,4520.41015625,4474.60009765625,4488.27978515625,4083200000,4488.27978515625
"725",4462.64013671875,4464.35009765625,4408.3798828125,4412.52978515625,4266290000,4412.52978515625
"726",4437.58984375,4471,4381.33984375,4397.4501953125,4152090000,4397.4501953125
"727",4394.2998046875,4453.919921875,4392.7001953125,4446.58984375,3828150000,4446.58984375
"728",4449.1201171875,4460.4599609375,4390.77001953125,4392.58984375,4083090000,4392.58984375
"729",4385.6298828125,4410.31005859375,4370.2998046875,4391.68994140625,3910490000,4391.68994140625
"730",4390.6298828125,4471.02978515625,4390.6298828125,4462.2099609375,4108120000,4462.2099609375
"731",4472.259765625,4488.2900390625,4448.759765625,4459.4501953125,4290450000,4459.4501953125
"732",4489.169921875,4512.93994140625,4384.47021484375,4393.66015625,4636890000,4393.66015625
"733",4385.830078125,4385.830078125,4267.6201171875,4271.77978515625,4651940000,4271.77978515625
"734",4255.33984375,4299.02001953125,4200.81982421875,4296.1201171875,5240040000,4296.1201171875
"735",4278.14013671875,4278.14013671875,4175.0400390625,4175.2001953125,4689970000,4175.2001953125
"736",4186.52001953125,4240.7099609375,4162.89990234375,4183.9599609375,4769680000,4183.9599609375
"737",4222.580078125,4308.4501953125,4188.6298828125,4287.5,4854180000,4287.5
"738",4253.75,4269.68017578125,4124.27978515625,4131.93017578125,5084030000,4131.93017578125
"739",4130.60986328125,4169.81005859375,4062.51000976562,4155.3798828125,5163790000,4155.3798828125
"740",4159.77978515625,4200.10009765625,4147.080078125,4175.47998046875,4582050000,4175.47998046875
"741",4181.18017578125,4307.66015625,4148.91015625,4300.169921875,5136360000,4300.169921875
"742",4270.43017578125,4270.43017578125,4106.009765625,4146.8701171875,5077030000,4146.8701171875
"743",4128.169921875,4157.68994140625,4067.90991210938,4123.33984375,5116940000,4123.33984375
"744",4081.27001953125,4081.27001953125,3975.47998046875,3991.23999023438,5954520000,3991.23999023438
"745",4035.17993164062,4068.82006835938,3958.169921875,4001.05004882812,5885820000,4001.05004882812
"746",3990.080078125,4049.09008789062,3928.82006835938,3935.17993164062,5816140000,3935.17993164062
"747",3903.94995117188,3964.80004882812,3858.8701171875,3930.080078125,6286450000,3930.080078125
"748",3963.89990234375,4038.8798828125,3963.89990234375,4023.88989257812,5183340000,4023.88989257812
"749",4013.02001953125,4046.4599609375,3983.98999023438,4008.01000976562,4415030000,4008.01000976562
"750",4052,4090.71997070312,4033.92993164062,4088.85009765625,4841410000,4088.85009765625
"751",4051.97998046875,4051.97998046875,3911.90991210938,3923.67993164062,5103220000,3923.67993164062
"752",3899,3945.9599609375,3876.580078125,3900.7900390625,5113550000,3900.7900390625
"753",3927.76000976562,3943.419921875,3810.32006835938,3901.36010742188,5130730000,3901.36010742188
"754",3919.419921875,3981.8798828125,3909.0400390625,3973.75,4420030000,3973.75
"755",3942.93994140625,3955.67993164062,3875.1298828125,3941.47998046875,4923190000,3941.47998046875
"756",3929.59008789062,3999.330078125,3925.03002929688,3978.72998046875,4802560000,3978.72998046875
"757",3984.60009765625,4075.13989257812,3984.60009765625,4057.84008789062,4709970000,4057.84008789062
"758",4077.42993164062,4158.490234375,4077.42993164062,4158.240234375,4375620000,4158.240234375
"759",4151.08984375,4168.33984375,4104.8798828125,4132.14990234375,6822640000,4132.14990234375
"760",4149.77978515625,4166.5400390625,4073.85009765625,4101.22998046875,4531800000,4101.22998046875
"761",4095.40991210938,4177.509765625,4074.3701171875,4176.81982421875,4405790000,4176.81982421875
"762",4137.56982421875,4142.669921875,4098.669921875,4108.5400390625,3711110000,4108.5400390625
"763",4134.72021484375,4168.77978515625,4109.18017578125,4121.43017578125,4332700000,4121.43017578125
"764",4096.47021484375,4164.85986328125,4080.18994140625,4160.68017578125,4248210000,4160.68017578125
"765",4147.1201171875,4160.14013671875,4107.2001953125,4115.77001953125,4159470000,4115.77001953125
"766",4101.64990234375,4119.10009765625,4017.169921875,4017.82006835938,4134170000,4017.82006835938
"767",3974.38989257812,3974.38989257812,3900.15991210938,3900.86010742188,4889640000,3900.86010742188
"768",3838.14990234375,3838.14990234375,3734.30004882812,3749.6298828125,5636890000,3749.6298828125
"769",3763.52001953125,3778.17993164062,3705.67993164062,3735.47998046875,5153890000,3735.47998046875
"770",3764.05004882812,3837.56005859375,3722.30004882812,3789.98999023438,5530480000,3789.98999023438
"771",3728.17993164062,3728.17993164062,3639.77001953125,3666.77001953125,5644930000,3666.77001953125
"772",3665.89990234375,3707.7099609375,3636.8701171875,3674.84008789062,8520740000,3674.84008789062
"773",3715.31005859375,3779.64990234375,3715.31005859375,3764.7900390625,5292260000,3764.7900390625
"774",3733.88989257812,3801.7900390625,3717.68994140625,3759.88989257812,5058990000,3759.88989257812
"775",3774.7099609375,3802.580078125,3743.52001953125,3795.72998046875,5098640000,3795.72998046875
"776",3821.75,3913.64990234375,3821.75,3911.73999023438,8120260000,3911.73999023438
"777",3920.76000976562,3927.71997070312,3889.65991210938,3900.11010742188,4325310000,3900.11010742188
"778",3913,3945.86010742188,3820.13989257812,3821.55004882812,4270120000,3821.55004882812
"779",3825.09008789062,3836.5,3799.02001953125,3818.830078125,4211240000,3818.830078125
"780",3785.98999023438,3818.98999023438,3738.669921875,3785.3798828125,4840070000,3785.3798828125
"781",3781,3829.82006835938,3752.10009765625,3825.330078125,4046950000,3825.330078125
"782",3792.61010742188,3832.18994140625,3742.06005859375,3831.38989257812,5076590000,3831.38989257812
"783",3831.97998046875,3870.90991210938,3809.3701171875,3845.080078125,4417720000,3845.080078125
"784",3858.85009765625,3910.6298828125,3858.85009765625,3902.6201171875,4057770000,3902.6201171875
"785",3888.26000976562,3918.5,3869.34008789062,3899.3798828125,3521620000,3899.3798828125
"786",3880.93994140625,3880.93994140625,3847.21997070312,3854.42993164062,3423480000,3854.42993164062
"787",3851.94995117188,3873.40991210938,3802.36010742188,3818.80004882812,3817210000,3818.80004882812
"788",3779.669921875,3829.43994140625,3759.07006835938,3801.78002929688,4109390000,3801.78002929688
"789",3763.98999023438,3796.40991210938,3721.56005859375,3790.3798828125,4199690000,3790.3798828125
"790",3818,3863.6201171875,3817.17993164062,3863.15991210938,4143800000,3863.15991210938
"791",3883.7900390625,3902.43994140625,3818.6298828125,3830.85009765625,4046870000,3830.85009765625
"792",3860.72998046875,3939.81005859375,3860.72998046875,3936.68994140625,4041070000,3936.68994140625
"793",3935.32006835938,3974.1298828125,3922.03002929688,3959.89990234375,4185300000,3959.89990234375
"794",3955.46997070312,3999.2900390625,3927.63989257812,3998.94995117188,4132790000,3998.94995117188
"795",3998.42993164062,4012.43994140625,3938.86010742188,3961.6298828125,3979240000,3961.6298828125
"796",3965.71997070312,3975.30004882812,3943.4599609375,3966.84008789062,3568340000,3966.84008789062
"797",3953.21997070312,3953.21997070312,3910.73999023438,3921.05004882812,3778950000,3921.05004882812
"798",3951.42993164062,4039.56005859375,3951.42993164062,4023.61010742188,4112180000,4023.61010742188
"799",4026.1298828125,4078.94995117188,3992.96997070312,4072.42993164062,4.413e+09,4072.42993164062
"800",4087.330078125,4140.14990234375,4079.21997070312,4130.2900390625,4616360000,4130.2900390625
"801",4112.3798828125,4144.9501953125,4096.02001953125,4118.6298828125,4202810000,4118.6298828125
"802",4104.2099609375,4140.47021484375,4079.81005859375,4091.18994140625,4727710000,4091.18994140625
"803",4107.9599609375,4167.66015625,4107.9599609375,4155.169921875,4351760000,4155.169921875
"804",4154.85009765625,4161.2900390625,4135.419921875,4151.93994140625,4283320000,4151.93994140625
"805",4115.8701171875,4151.580078125,4107.31005859375,4145.18994140625,4085940000,4145.18994140625
"806",4155.93017578125,4186.6201171875,4128.97021484375,4140.06005859375,4221090000,4140.06005859375
"807",4133.10986328125,4137.2998046875,4112.08984375,4122.47021484375,3913090000,4122.47021484375
"808",4181.02001953125,4211.02978515625,4177.259765625,4210.240234375,4546010000,4210.240234375
"809",4227.39990234375,4257.91015625,4201.41015625,4207.27001953125,4630200000,4207.27001953125
"810",4225.02001953125,4280.47021484375,4219.77978515625,4280.14990234375,3788010000,4280.14990234375
"811",4269.3701171875,4301.7900390625,4256.89990234375,4297.14013671875,3696830000,4297.14013671875
"812",4290.4599609375,4325.27978515625,4277.77001953125,4305.2001953125,4329820000,4305.2001953125
"813",4280.39990234375,4302.18017578125,4253.080078125,4274.0400390625,3885030000,4274.0400390625
"814",4273.1298828125,4292.52978515625,4261.97998046875,4283.740234375,3340330000,4283.740234375
"815",4266.31005859375,4266.31005859375,4218.7001953125,4228.47998046875,3761340000,4228.47998046875
"816",4195.080078125,4195.080078125,4129.85986328125,4137.990234375,3907430000,4137.990234375
"817",4133.08984375,4159.77001953125,4124.02978515625,4128.72998046875,3823520000,4128.72998046875
"818",4126.5498046875,4156.56005859375,4119.97021484375,4140.77001953125,3583630000,4140.77001953125
"819",4153.259765625,4200.5400390625,4147.58984375,4199.1201171875,3566870000,4199.1201171875
"820",4198.740234375,4203.0400390625,4057.65991210938,4057.65991210938,3832750000,4057.65991210938
"821",4034.580078125,4062.98999023438,4017.419921875,4030.61010742188,3396510000,4030.61010742188
"822",4041.25,4044.97998046875,3965.2099609375,3986.15991210938,3835860000,3986.15991210938
"823",4000.669921875,4015.3701171875,3954.53002929688,3955,4542490000,3955
"824",3936.72998046875,3970.22998046875,3903.64990234375,3966.85009765625,4152250000,3966.85009765625
"825",3994.65991210938,4018.42993164062,3906.2099609375,3924.26000976562,3665850000,3924.26000976562
"826",3930.88989257812,3942.55004882812,3886.75,3908.18994140625,4127340000,3908.18994140625
"827",3909.42993164062,3987.88989257812,3906.03002929688,3979.8701171875,3890320000,3979.8701171875
"828",3959.93994140625,4010.5,3944.81005859375,4006.17993164062,3966850000,4006.17993164062
"829",4022.93994140625,4076.81005859375,4022.93994140625,4067.36010742188,3901940000,4067.36010742188
"830",4083.669921875,4119.27978515625,4083.669921875,4110.41015625,3814200000,4110.41015625
"831",4037.1201171875,4037.1201171875,3921.28002929688,3932.68994140625,4224550000,3932.68994140625
"832",3940.72998046875,3961.93994140625,3912.17993164062,3946.01000976562,4293240000,3946.01000976562
"833",3932.40991210938,3959.13989257812,3888.28002929688,3901.35009765625,4441830000,3901.35009765625
"834",3880.94995117188,3880.94995117188,3837.080078125,3873.330078125,7954650000,3873.330078125
"835",3849.90991210938,3900.44995117188,3838.5,3899.88989257812,3766850000,3899.88989257812
"836",3875.22998046875,3876.01000976562,3827.5400390625,3855.92993164062,4058050000,3855.92993164062
"837",3871.39990234375,3907.07006835938,3789.48999023438,3789.92993164062,4078330000,3789.92993164062
"838",3782.36010742188,3790.89990234375,3749.44995117188,3757.98999023438,4284600000,3757.98999023438
"839",3727.13989257812,3727.13989257812,3647.46997070312,3693.22998046875,5144270000,3693.22998046875
"840",3682.71997070312,3715.669921875,3644.76000976562,3655.0400390625,4886140000,3655.0400390625
"841",3686.43994140625,3717.53002929688,3623.2900390625,3647.2900390625,4577740000,3647.2900390625
"842",3651.93994140625,3736.73999023438,3640.61010742188,3719.0400390625,4684850000,3719.0400390625
"843",3687.01000976562,3687.01000976562,3610.39990234375,3640.46997070312,4681810000,3640.46997070312
"844",3633.47998046875,3671.43994140625,3584.1298828125,3585.6201171875,5645360000,3585.6201171875
"845",3609.78002929688,3698.35009765625,3604.92993164062,3678.42993164062,4806680000,3678.42993164062
"846",3726.4599609375,3791.919921875,3726.4599609375,3790.92993164062,5146580000,3790.92993164062
"847",3753.25,3806.90991210938,3722.65991210938,3783.28002929688,4293180000,3783.28002929688
"848",3771.96997070312,3797.92993164062,3739.21997070312,3744.52001953125,4252100000,3744.52001953125
"849",3706.73999023438,3706.73999023438,3620.72998046875,3639.65991210938,4449660000,3639.65991210938
"850",3647.51000976562,3652.169921875,3588.10009765625,3612.38989257812,3834320000,3612.38989257812
"851",3595.86010742188,3640.65991210938,3568.44995117188,3588.84008789062,4759030000,3588.84008789062
"852",3590.830078125,3608.34008789062,3573.86010742188,3577.03002929688,4006830000,3577.03002929688
"853",3520.3701171875,3685.40991210938,3491.580078125,3669.90991210938,5021680000,3669.90991210938
"854",3690.40991210938,3712,3579.67993164062,3583.07006835938,4243030000,3583.07006835938
"855",3638.64990234375,3689.72998046875,3638.64990234375,3677.94995117188,4352780000,3677.94995117188
"856",3746.26000976562,3762.7900390625,3686.53002929688,3719.97998046875,4483740000,3719.97998046875
"857",3703.11010742188,3728.580078125,3666.51000976562,3695.15991210938,4223800000,3695.15991210938
"858",3689.05004882812,3736,3656.43994140625,3665.78002929688,4496620000,3665.78002929688
"859",3657.10009765625,3757.88989257812,3647.419921875,3752.75,5078020000,3752.75
"860",3762.01000976562,3810.73999023438,3741.64990234375,3797.34008789062,4747930000,3797.34008789062
"861",3799.43994140625,3862.85009765625,3799.43994140625,3859.11010742188,4843120000,3859.11010742188
"862",3825.96997070312,3886.14990234375,3824.07006835938,3830.60009765625,4817310000,3830.60009765625
"863",3834.68994140625,3859.94995117188,3803.7900390625,3807.30004882812,4687320000,3807.30004882812
"864",3808.26000976562,3905.419921875,3808.26000976562,3901.06005859375,4459410000,3901.06005859375
"865",3881.85009765625,3893.72998046875,3863.17993164062,3871.97998046875,4820620000,3871.97998046875
"866",3901.7900390625,3911.7900390625,3843.80004882812,3856.10009765625,4481210000,3856.10009765625
"867",3852.89990234375,3894.43994140625,3758.67993164062,3759.68994140625,4.899e+09,3759.68994140625
"868",3733.25,3750.59008789062,3698.14990234375,3719.88989257812,4625290000,3719.88989257812
"869",3766.97998046875,3796.34008789062,3708.84008789062,3770.55004882812,5400180000,3770.55004882812
"870",3780.7099609375,3813.94995117188,3764.69995117188,3806.80004882812,4341620000,3806.80004882812
"871",3817.02001953125,3859.39990234375,3786.28002929688,3828.11010742188,4607640000,3828.11010742188
"872",3810.93994140625,3818.19995117188,3744.21997070312,3748.57006835938,4645010000,3748.57006835938
"873",3859.88989257812,3958.330078125,3859.88989257812,3956.3701171875,5781260000,3956.3701171875
"874",3963.71997070312,4001.47998046875,3944.82006835938,3992.92993164062,5593310000,3992.92993164062
"875",3977.96997070312,4008.96997070312,3956.39990234375,3957.25,4561930000,3957.25
"876",4006.40991210938,4028.84008789062,3953.169921875,3991.72998046875,5015310000,3991.72998046875
"877",3976.82006835938,3983.09008789062,3954.34008789062,3958.7900390625,4165320000,3958.7900390625
"878",3919.26000976562,3954.330078125,3906.5400390625,3946.56005859375,4051780000,3946.56005859375
"879",3966.38989257812,3979.88989257812,3935.97998046875,3965.34008789062,4037360000,3965.34008789062
"880",3956.22998046875,3962,3933.34008789062,3949.93994140625,3850690000,3949.93994140625
"881",3965.51000976562,4005.8798828125,3956.8798828125,4003.580078125,3887990000,4003.580078125
"882",4000.30004882812,4033.78002929688,3998.65991210938,4027.26000976562,3279720000,4027.26000976562
"883",4023.34008789062,4034.02001953125,4020.76000976562,4026.1201171875,1706460000,4026.1201171875
"884",4005.36010742188,4012.27001953125,3955.77001953125,3963.93994140625,3615430000,3963.93994140625
"885",3964.18994140625,3976.77001953125,3937.64990234375,3957.6298828125,3546040000,3957.6298828125
"886",3957.17993164062,4080.11010742188,3938.580078125,4080.11010742188,6579360000,4080.11010742188
"887",4087.13989257812,4100.509765625,4050.8701171875,4076.57006835938,4527130000,4076.57006835938
"888",4040.169921875,4080.47998046875,4026.6298828125,4071.69995117188,4012620000,4071.69995117188
"889",4052.02001953125,4052.44995117188,3984.48999023438,3998.84008789062,4280820000,3998.84008789062
"890",3996.6298828125,4001.51000976562,3918.38989257812,3941.26000976562,4368380000,3941.26000976562
"891",3933.28002929688,3957.57006835938,3922.67993164062,3933.919921875,4118050000,3933.919921875
"892",3947.7900390625,3974.18994140625,3935.830078125,3963.51000976562,4006900000,3963.51000976562
"893",3954.169921875,3977.02001953125,3933.0400390625,3934.3798828125,3888260000,3934.3798828125
"894",3939.2900390625,3990.7099609375,3935.30004882812,3990.56005859375,3904130000,3990.56005859375
"895",4069.3798828125,4100.9599609375,3993.03002929688,4019.64990234375,5079360000,4019.64990234375
"896",4015.5400390625,4053.76000976562,3965.64990234375,3995.32006835938,4472340000,3995.32006835938
"897",3958.3701171875,3958.3701171875,3879.44995117188,3895.75,4493900000,3895.75
"898",3890.90991210938,3890.90991210938,3827.90991210938,3852.36010742188,7493660000,3852.36010742188
"899",3853.7900390625,3854.86010742188,3800.0400390625,3817.65991210938,3969610000,3817.65991210938
"900",3810.46997070312,3838.23999023438,3795.6201171875,3821.6201171875,3985370000,3821.6201171875
"901",3839.48999023438,3889.82006835938,3839.48999023438,3878.43994140625,3775200000,3878.43994140625
"902",3853.26000976562,3853.26000976562,3764.48999023438,3822.38989257812,3956950000,3822.38989257812
"903",3815.11010742188,3845.80004882812,3797.01000976562,3844.82006835938,2819280000,3844.82006835938
"904",3843.34008789062,3846.64990234375,3813.21997070312,3829.25,3030300000,3829.25
"905",3829.56005859375,3848.32006835938,3780.78002929688,3783.21997070312,3083520000,3783.21997070312
"906",3805.44995117188,3858.18994140625,3805.44995117188,3849.28002929688,3003680000,3849.28002929688
"907",3829.06005859375,3839.85009765625,3800.34008789062,3839.5,2979870000,3839.5
"908",3853.2900390625,3878.4599609375,3794.330078125,3824.13989257812,3959140000,3824.13989257812
"909",3840.36010742188,3873.15991210938,3815.77001953125,3852.96997070312,4414080000,3852.96997070312
"910",3839.73999023438,3839.73999023438,3802.419921875,3808.10009765625,3893450000,3808.10009765625
"911",3823.3701171875,3906.18994140625,3809.56005859375,3895.080078125,3923560000,3895.080078125
"912",3910.82006835938,3950.57006835938,3890.419921875,3892.09008789062,4311770000,3892.09008789062
"913",3888.57006835938,3919.830078125,3877.2900390625,3919.25,3851030000,3919.25
"914",3932.35009765625,3970.07006835938,3928.5400390625,3969.61010742188,4303360000,3969.61010742188
"915",3977.57006835938,3997.76000976562,3937.56005859375,3983.169921875,4440260000,3983.169921875
"916",3960.60009765625,4003.94995117188,3947.669921875,3999.09008789062,3939700000,3999.09008789062
"917",3999.28002929688,4015.38989257812,3984.57006835938,3990.96997070312,4235560000,3990.96997070312
"918",4002.25,4014.15991210938,3926.59008789062,3928.86010742188,4298710000,3928.86010742188
"919",3911.84008789062,3922.93994140625,3885.5400390625,3898.85009765625,3991500000,3898.85009765625
"920",3909.0400390625,3972.9599609375,3897.86010742188,3972.61010742188,4013360000,3972.61010742188
"921",3978.13989257812,4039.31005859375,3971.63989257812,4019.81005859375,3945210000,4019.81005859375
"922",4001.73999023438,4023.919921875,3989.7900390625,4016.94995117188,3320430000,4016.94995117188
"923",3982.7099609375,4019.55004882812,3949.06005859375,4016.21997070312,3724020000,4016.21997070312
"924",4036.080078125,4061.57006835938,4013.2900390625,4060.42993164062,3809590000,4060.42993164062
"925",4053.71997070312,4094.2099609375,4048.69995117188,4070.56005859375,3907760000,4070.56005859375
"926",4049.27001953125,4063.85009765625,4015.55004882812,4017.77001953125,3.802e+09,4017.77001953125
"927",4020.85009765625,4077.15991210938,4020.43994140625,4076.60009765625,4679320000,4076.60009765625
"928",4070.07006835938,4148.9501953125,4037.19995117188,4119.2099609375,4856930000,4119.2099609375
"929",4158.68017578125,4195.43994140625,4141.8798828125,4179.759765625,5624360000,4179.759765625
"930",4136.68994140625,4182.35986328125,4123.35986328125,4136.47998046875,4694510000,4136.47998046875
"931",4119.56982421875,4124.6298828125,4093.3798828125,4111.080078125,4114240000,4111.080078125
"932",4105.35009765625,4176.5400390625,4088.38989257812,4164,4355860000,4164
"933",4153.47021484375,4156.85009765625,4111.669921875,4117.85986328125,4029820000,4117.85986328125
"934",4144.25,4156.22998046875,4069.669921875,4081.5,4270200000,4081.5
"935",4068.919921875,4094.36010742188,4060.7900390625,4090.4599609375,3891520000,4090.4599609375
"936",4096.6201171875,4138.89990234375,4092.669921875,4137.2900390625,3448620000,4137.2900390625
"937",4126.7001953125,4159.77001953125,4095.01000976562,4136.1298828125,3929200000,4136.1298828125
"938",4119.5,4148.10986328125,4103.97998046875,4147.60009765625,4075980000,4147.60009765625
"939",4114.75,4136.5400390625,4089.48999023438,4090.40991210938,4143660000,4090.40991210938
"940",4077.38989257812,4081.51000976562,4047.94995117188,4079.09008789062,4045480000,4079.09008789062
"941",4052.35009765625,4052.35009765625,3995.18994140625,3997.34008789062,4121590000,3997.34008789062
"942",4001.830078125,4017.3701171875,3976.89990234375,3991.05004882812,4079320000,3991.05004882812
"943",4018.60009765625,4028.30004882812,3969.18994140625,4012.32006835938,3952940000,4012.32006835938
"944",3973.23999023438,3978.25,3943.080078125,3970.0400390625,3877700000,3970.0400390625
"945",3992.36010742188,4018.05004882812,3973.55004882812,3982.23999023438,3836950000,3982.23999023438
"946",3977.18994140625,3997.5,3968.97998046875,3970.14990234375,5043400000,3970.14990234375
"947",3963.34008789062,3971.72998046875,3939.05004882812,3951.38989257812,4249480000,3951.38989257812
"948",3938.67993164062,3990.84008789062,3928.15991210938,3981.35009765625,4244900000,3981.35009765625
"949",3998.02001953125,4048.2900390625,3995.169921875,4045.63989257812,4084730000,4045.63989257812
"950",4055.14990234375,4078.48999023438,4044.61010742188,4048.419921875,4000870000,4048.419921875
"951",4048.26000976562,4050,3980.31005859375,3986.3701171875,3922500000,3986.3701171875
"952",3987.55004882812,4000.40991210938,3969.76000976562,3992.01000976562,3535570000,3992.01000976562
"953",3998.65991210938,4017.81005859375,3908.69995117188,3918.32006835938,4445260000,3918.32006835938
"954",3912.77001953125,3934.05004882812,3846.32006835938,3861.59008789062,5518190000,3861.59008789062
"955",3835.1201171875,3905.05004882812,3808.86010742188,3855.76000976562,6558020000,3855.76000976562
"956",3894.01000976562,3937.2900390625,3873.6298828125,3919.2900390625,5665870000,3919.2900390625
"957",3876.73999023438,3894.26000976562,3838.23999023438,3891.92993164062,6594010000,3891.92993164062
"958",3878.92993164062,3964.4599609375,3864.11010742188,3960.28002929688,5695790000,3960.28002929688
"959",3958.68994140625,3958.90991210938,3901.27001953125,3916.63989257812,9354280000,3916.63989257812
"960",3917.46997070312,3956.6201171875,3916.88989257812,3951.57006835938,5347140000,3951.57006835938
"961",3975.88989257812,4009.080078125,3971.18994140625,4002.8701171875,4920240000,4002.8701171875
"962",4002.0400390625,4039.48999023438,3936.169921875,3936.96997070312,4533010000,3936.96997070312
"963",3959.2099609375,4007.65991210938,3919.05004882812,3948.71997070312,4991600000,3948.71997070312
"964",3939.2099609375,3972.73999023438,3909.15991210938,3970.98999023438,4583970000,3970.98999023438
"965",3982.92993164062,4003.830078125,3970.48999023438,3977.53002929688,4233540000,3977.53002929688
"966",3974.1298828125,3979.19995117188,3951.53002929688,3971.27001953125,4014600000,3971.27001953125
"967",3999.53002929688,4030.59008789062,3999.53002929688,4027.81005859375,4145250000,4027.81005859375
"968",4046.73999023438,4057.85009765625,4032.10009765625,4050.830078125,3930860000,4050.830078125
"969",4056.17993164062,4110.75,4056.17993164062,4109.31005859375,4525120000,4109.31005859375
"970",4102.2001953125,4127.66015625,4098.7900390625,4124.509765625,4234700000,4124.509765625
"971",4128.02978515625,4133.1298828125,4086.8701171875,4100.60009765625,4227800000,4100.60009765625
"972",4094.5,4099.68994140625,4072.56005859375,4090.3798828125,3968020000,4090.3798828125
"973",4081.14990234375,4107.31982421875,4069.84008789062,4105.02001953125,3486690000,4105.02001953125
"974",4085.19995117188,4109.5,4072.55004882812,4109.10986328125,3423650000,4109.10986328125
"975",4110.2900390625,4124.259765625,4102.60986328125,4108.93994140625,3665830000,4108.93994140625
"976",4121.72021484375,4134.3701171875,4086.93994140625,4091.94995117188,3633120000,4091.94995117188
"977",4100.0400390625,4150.259765625,4099.39990234375,4146.22021484375,3596590000,4146.22021484375
"978",4140.10986328125,4163.18994140625,4113.2001953125,4137.64013671875,3575690000,4137.64013671875
"979",4137.169921875,4151.72021484375,4123.18017578125,4151.31982421875,3611180000,4151.31982421875
"980",4164.259765625,4169.47998046875,4140.35986328125,4154.8701171875,3536640000,4154.8701171875
"981",4139.330078125,4162.56982421875,4134.490234375,4154.52001953125,3572560000,4154.52001953125
"982",4130.47998046875,4148.56982421875,4114.56982421875,4129.7900390625,3772080000,4129.7900390625
"983",4132.14013671875,4138.02001953125,4113.85986328125,4133.52001953125,3611750000,4133.52001953125
"984",4132.06982421875,4142.41015625,4117.77001953125,4137.0400390625,3290940000,4137.0400390625
"985",4126.43017578125,4126.43017578125,4071.3798828125,4071.6298828125,3978640000,4071.6298828125
"986",4087.78002929688,4089.669921875,4049.35009765625,4055.98999023438,3837030000,4055.98999023438
"987",4075.2900390625,4138.240234375,4075.2900390625,4135.35009765625,3750550000,4135.35009765625
"988",4129.6298828125,4170.06005859375,4127.18017578125,4169.47998046875,4087800000,4169.47998046875
"989",4166.7900390625,4186.919921875,4164.1201171875,4167.8701171875,3321370000,4167.8701171875
"990",4164.10009765625,4164.10009765625,4089.71997070312,4119.580078125,4486130000,4119.580078125
"991",4122.25,4148.2998046875,4088.86010742188,4090.75,4246510000,4090.75
"992",4082.55004882812,4082.61010742188,4048.28002929688,4061.21997070312,4920090000,4061.21997070312
"993",4084.72998046875,4147.02001953125,4084.72998046875,4136.25,4186270000,4136.25
"994",4136.97998046875,4142.2998046875,4123.81005859375,4138.1201171875,3641640000,4138.1201171875
"995",4124.25,4130.35009765625,4116.64990234375,4119.169921875,3810140000,4119.169921875
"996",4143.740234375,4154.27978515625,4098.919921875,4137.64013671875,4057160000,4137.64013671875
"997",4132.240234375,4132.7998046875,4109.2900390625,4130.6201171875,3752900000,4130.6201171875
"998",4138.5400390625,4143.740234375,4099.1201171875,4124.080078125,3533740000,4124.080078125
"999",4126.64990234375,4141.25,4110.27001953125,4136.27978515625,3562170000,4136.27978515625
"1000",4127.9501953125,4135.5400390625,4109.85986328125,4109.89990234375,3654200000,4109.89990234375
"1001",4122.85009765625,4164.669921875,4113.6201171875,4158.77001953125,4039080000,4158.77001953125
"1002",4157.68017578125,4202.2001953125,4153.5,4198.0498046875,3980500000,4198.0498046875
"1003",4204.14990234375,4212.91015625,4180.2001953125,4191.97998046875,4041900000,4191.97998046875
"1004",4190.77978515625,4209.22021484375,4179.68017578125,4192.6298828125,3728520000,4192.6298828125
"1005",4176.7998046875,4185.68017578125,4142.5400390625,4145.580078125,4155320000,4145.580078125
"1006",4132.9599609375,4132.9599609375,4103.97998046875,4115.240234375,3739160000,4115.240234375
"1007",4155.7099609375,4165.740234375,4129.72998046875,4151.27978515625,4147760000,4151.27978515625
"1008",4156.16015625,4212.8701171875,4156.16015625,4205.4501953125,3715460000,4205.4501953125
